activityid,incidentid,subject,timespent,actualend,createdon,ownerid,statecode,statuscode
ec79a3b5-58e7-4c04-9c95-de42327feccb,195007fb-1856-4617-bc82-d183788c1235,Resolved: Late delivery,25,2024-09-20T11:45:01Z,2024-09-20T11:45:01Z,7931db9d-7b28-4616-ab82-a35fc263b420,1,2
e697c178-ec6a-4541-b857-6479a371d3a6,4a6f7fc6-f26d-4e69-94a1-9ab1ccc3f8d9,Resolved: Mill certificate request,23,2024-09-20T14:03:55Z,2024-09-20T14:03:55Z,4b30bd90-ff3f-4312-a47b-630f7d42a132,1,2
e5d33e7a-7a11-4919-bdfd-0596b2f22fdc,08f2bed6-666a-4e2f-8859-7665369ce6f9,Resolved: Late delivery,34,2024-09-24T21:28:37Z,2024-09-24T21:28:37Z,4cae8e39-e278-419b-94aa-01f9ef63cd2c,1,2
6513b154-c5ce-48a1-b9c0-9ce35fbabf14,51bb301f-1d07-41cf-b369-e1f9e3f0b285,Resolved: Invoice dispute,27,2024-11-03T20:45:58Z,2024-11-03T20:45:58Z,4b30bd90-ff3f-4312-a47b-630f7d42a132,1,2
045fbeb7-f3eb-4970-af71-c439a64b5bbb,38081bb8-8f33-4f8e-96c2-226a2df55b06,Resolved: Damaged or rusted material,38,2024-11-01T09:35:03Z,2024-11-01T09:35:03Z,4b30bd90-ff3f-4312-a47b-630f7d42a132,1,2
5e42b942-313c-4020-a711-2c129ed39082,c9060409-d264-41cc-a8c8-576622b0cec8,Resolved: Mill certificate request,11,2024-10-29T06:36:54Z,2024-10-29T06:36:54Z,4b30bd90-ff3f-4312-a47b-630f7d42a132,1,2
4e0fc9e8-4c37-45ef-9c5d-c7711b3aa4f6,046e6978-bb78-4879-ae47-686949e789c8,Resolved: Delivery change request,16,2024-11-01T05:53:48Z,2024-11-01T05:53:48Z,0e108913-5aeb-4cd9-a56a-e9713fdfefe6,1,2
a18e52c8-3740-42d3-ac49-185ab0fc5d7b,0ac001e4-16f3-4ddb-ac2b-f3ee9f33cf69,Resolved: Late delivery,68,2025-04-22T20:26:36Z,2025-04-22T20:26:36Z,0e108913-5aeb-4cd9-a56a-e9713fdfefe6,1,2
a08ac8f1-7e47-446e-907a-1984835228fa,a24d1da4-a10c-4b90-a532-2eb5102224da,Resolved: Weight discrepancy,64,2024-11-28T20:53:14Z,2024-11-28T20:53:14Z,0e108913-5aeb-4cd9-a56a-e9713fdfefe6,1,2
fa007777-52ce-4c0c-acd5-6ee5d0386726,48c53464-2ac0-432b-b1fe-75e611ac427b,Resolved: Weight discrepancy,30,2024-11-06T02:28:25Z,2024-11-06T02:28:25Z,0e108913-5aeb-4cd9-a56a-e9713fdfefe6,1,2
57e844d6-bfac-44c0-870c-23dac9e5a380,f3531b22-ebae-4bab-b021-2a93cf48bc81,Resolved: Damaged or rusted material,41,2024-11-22T10:30:06Z,2024-11-22T10:30:06Z,4b30bd90-ff3f-4312-a47b-630f7d42a132,1,2
846408f1-777f-42e7-8429-59f8da0fdc2c,64413db6-436b-436e-a14a-8b9975e175d9,Resolved: Mill certificate request,13,2024-11-26T04:30:09Z,2024-11-26T04:30:09Z,4b30bd90-ff3f-4312-a47b-630f7d42a132,1,2
f7a0377d-606e-4be3-b937-a792cf685488,65a3a35a-984c-4f82-acfa-40b74e497a16,Resolved: Delivery change request,18,2024-11-18T05:38:20Z,2024-11-18T05:38:20Z,4b30bd90-ff3f-4312-a47b-630f7d42a132,1,2
e8758ac6-b73a-4707-b52d-34634ad5b013,7661613c-48f4-4dc5-a052-16a0414b685b,Resolved: Invoice dispute,29,2024-12-16T09:34:43Z,2024-12-16T09:34:43Z,0e108913-5aeb-4cd9-a56a-e9713fdfefe6,1,2
1b405d4d-8a67-47ab-baea-f8bcf227b82b,d5ec0ffa-f70e-4b2f-aaf8-680158b32e14,Resolved: Invoice dispute,26,2025-01-06T07:02:35Z,2025-01-06T07:02:35Z,0e108913-5aeb-4cd9-a56a-e9713fdfefe6,1,2
f2c6bb4d-1be9-494e-96ee-74edb590ec9b,2b2bef35-75e6-47c0-8f1a-bcafb1cbf427,Resolved: Invoice dispute,23,2025-01-22T02:24:01Z,2025-01-22T02:24:01Z,4b30bd90-ff3f-4312-a47b-630f7d42a132,1,2
226df636-d7ed-47c2-ac67-b1e7b1775232,a8dc2ef4-11b2-43b7-aa88-84ca6478df56,Resolved: Late delivery,39,2025-01-15T20:02:23Z,2025-01-15T20:02:23Z,0e108913-5aeb-4cd9-a56a-e9713fdfefe6,1,2
873c6627-78c5-429b-b84e-fc91b0ab794b,a60802aa-571c-4f19-bf84-7644df57acdd,Resolved: Damaged or rusted material,97,2025-02-10T22:01:40Z,2025-02-10T22:01:40Z,4b30bd90-ff3f-4312-a47b-630f7d42a132,1,2
61996d6b-b0cf-477e-933d-37422f6eec94,98658c31-6df9-47a5-abcc-536a4ecf4d69,Resolved: Invoice dispute,44,2025-03-06T13:51:18Z,2025-03-06T13:51:18Z,0e108913-5aeb-4cd9-a56a-e9713fdfefe6,1,2
1e5bda45-bb6a-445d-a396-d07bcf132521,1fa2180a-6906-4b86-814a-4784b5c94126,Resolved: Invoice dispute,99,2025-03-04T15:55:18Z,2025-03-04T15:55:18Z,7931db9d-7b28-4616-ab82-a35fc263b420,1,2
f5dbb063-f8a6-45f9-b26b-a0f55f782bb1,527bfad7-12db-4998-952b-c4ed5acc3567,Resolved: Weight discrepancy,106,2025-03-10T20:35:24Z,2025-03-10T20:35:24Z,4cae8e39-e278-419b-94aa-01f9ef63cd2c,1,2
54ca5e9b-fd67-48d2-b031-42e98ad848ff,156fd252-9fdb-4c07-a18f-829dd9d39e09,Resolved: Damaged or rusted material,67,2025-03-13T05:52:58Z,2025-03-13T05:52:58Z,7931db9d-7b28-4616-ab82-a35fc263b420,1,2
3ce88f01-2fef-4e6e-930b-a45de19a3d6a,b3f5ece7-524a-4bb7-a3de-8eafd3daa4d6,Resolved: Late delivery,63,2025-05-02T03:10:09Z,2025-05-02T03:10:09Z,4b30bd90-ff3f-4312-a47b-630f7d42a132,1,2
07fb79bb-1e5b-43f2-9b2f-728cc15b88d4,938b3a01-c5fe-4ae9-94dc-cc35e29e2154,Resolved: Weight discrepancy,58,2025-06-16T04:43:05Z,2025-06-16T04:43:05Z,0e108913-5aeb-4cd9-a56a-e9713fdfefe6,1,2
9dde1ace-a904-47eb-9b2f-ea0c5587d31c,7f48f26e-5398-4e04-8d6d-7820ef9e3ba4,Resolved: Delivery change request,9,2025-06-21T14:53:59Z,2025-06-21T14:53:59Z,4b30bd90-ff3f-4312-a47b-630f7d42a132,1,2
3f8221e9-6496-4da0-9dbd-a3f38bbda1bc,b15aad14-d8a1-4b19-adfa-2a5b1153c9ff,Resolved: Weight discrepancy,9,2025-06-18T04:28:48Z,2025-06-18T04:28:48Z,4b30bd90-ff3f-4312-a47b-630f7d42a132,1,2
56b6ebd9-d5d4-4b94-a8b5-6daf1e8952e3,94316ffb-cb88-46c1-bf24-76fa6274afc7,Resolved: Weight discrepancy,30,2025-06-09T16:12:47Z,2025-06-09T16:12:47Z,7931db9d-7b28-4616-ab82-a35fc263b420,1,2
9bd1e416-20a7-40d9-9098-50cea9e27764,22173507-cc88-4ecd-8a21-2a49f4c3845f,Resolved: Invoice dispute,18,2025-06-30T19:01:17Z,2025-06-30T19:01:17Z,7931db9d-7b28-4616-ab82-a35fc263b420,1,2
e3979a23-2241-4557-9a73-0024f47cdf15,5624df92-9e59-4897-b875-ab3e55a68ab7,Resolved: Late delivery,80,2025-06-08T05:05:39Z,2025-06-08T05:05:39Z,0e108913-5aeb-4cd9-a56a-e9713fdfefe6,1,2
ac79ff49-4516-411b-93c4-44af6103e11b,a03eeea2-3c2f-48f6-9968-f08789c46587,Resolved: Invoice dispute,69,2025-08-03T07:39:58Z,2025-08-03T07:39:58Z,0e108913-5aeb-4cd9-a56a-e9713fdfefe6,1,2
2b9ebfb5-ed2a-48c9-b06f-92d5af12b341,eb455b2a-dc5f-4a6e-9ac2-0a8d2c438e72,Resolved: Weight discrepancy,64,2025-08-02T15:12:28Z,2025-08-02T15:12:28Z,7931db9d-7b28-4616-ab82-a35fc263b420,1,2
465366da-bc55-41d7-b737-b749ce811e68,2e4265fb-160a-41db-8ce4-54c401862baa,Resolved: Late delivery,45,2025-07-27T05:33:09Z,2025-07-27T05:33:09Z,4b30bd90-ff3f-4312-a47b-630f7d42a132,1,2
ef41a307-a7cc-40bd-8041-397ab9ffdd48,fb376aa3-298f-463c-b6f2-165b48c1364d,Resolved: Late delivery,25,2025-09-15T20:36:59Z,2025-09-15T20:36:59Z,0e108913-5aeb-4cd9-a56a-e9713fdfefe6,1,2
5c314860-1fca-4824-9405-9d0b488600ae,dab812c0-90e1-4542-8f58-e472efc229c7,Resolved: Invoice dispute,14,2025-10-28T03:26:27Z,2025-10-28T03:26:27Z,0e108913-5aeb-4cd9-a56a-e9713fdfefe6,1,2
921d758d-f2af-4715-b12a-cc24fff02fd6,aea7efc8-84ce-48b4-991d-5589221ac496,Resolved: Quality / spec claim,7,2025-11-05T15:08:10Z,2025-11-05T15:08:10Z,4cae8e39-e278-419b-94aa-01f9ef63cd2c,1,2
872cd2e6-5870-4046-9998-fbe7c061569a,ddf10601-540e-4c01-97bf-a4e8bbfc7317,Resolved: Weight discrepancy,34,2025-10-27T15:48:51Z,2025-10-27T15:48:51Z,4b30bd90-ff3f-4312-a47b-630f7d42a132,1,2
c675dba6-f8e7-4063-94e3-282c5a53b426,7ae3e72d-6e01-420c-acf1-df9e5d558b6f,Resolved: Quality / spec claim,62,2025-12-04T13:28:48Z,2025-12-04T13:28:48Z,4b30bd90-ff3f-4312-a47b-630f7d42a132,1,2
29a4586f-ae94-443a-b36a-9e3de4fbf8a6,02b751fd-b18d-4aa0-9886-a8dab1b63162,Resolved: Delivery change request,24,2025-11-04T14:20:30Z,2025-11-04T14:20:30Z,4b30bd90-ff3f-4312-a47b-630f7d42a132,1,2
2c20b514-2040-43ce-a27d-d311b2a1d89b,c6988ab3-e5d0-4421-bc93-20c9c84afe81,Resolved: Invoice dispute,65,2025-11-27T17:41:30Z,2025-11-27T17:41:30Z,4cae8e39-e278-419b-94aa-01f9ef63cd2c,1,2
14dbaf70-14e8-480a-810d-7f927c5105fa,7dea4261-61b2-4ac5-95b1-59297c25b57c,Resolved: Damaged or rusted material,18,2025-11-16T08:47:30Z,2025-11-16T08:47:30Z,4b30bd90-ff3f-4312-a47b-630f7d42a132,1,2
1add9bd4-e1b7-4055-a5ad-4f973aa9e914,cd7d36a3-9828-46be-9372-2e65e538d70f,Resolved: Damaged or rusted material,19,2025-11-15T22:38:31Z,2025-11-15T22:38:31Z,4b30bd90-ff3f-4312-a47b-630f7d42a132,1,2
077230c8-755e-4944-872f-e307c8879f3a,e07955c6-2d29-4dab-81cf-7bfcbcb7f959,Resolved: Weight discrepancy,74,2025-11-17T03:12:21Z,2025-11-17T03:12:21Z,4b30bd90-ff3f-4312-a47b-630f7d42a132,1,2
ee11a231-6fb7-427e-9fa1-8324f1ae4aae,388fa081-4882-46fc-af36-7324a926c539,Resolved: Late delivery,30,2025-11-16T08:52:17Z,2025-11-16T08:52:17Z,4b30bd90-ff3f-4312-a47b-630f7d42a132,1,2
52279c6b-4d21-462b-a646-0053bc86346b,4266dba5-62e8-47f0-8b68-f54faf9f81f7,Resolved: Delivery change request,19,2025-12-07T18:30:23Z,2025-12-07T18:30:23Z,4b30bd90-ff3f-4312-a47b-630f7d42a132,1,2
9336e7e3-5e91-4737-8756-f528cb97ff56,f154f9c9-a023-4afe-b9d0-d9721159d661,Resolved: Weight discrepancy,36,2025-12-16T01:52:08Z,2025-12-16T01:52:08Z,4cae8e39-e278-419b-94aa-01f9ef63cd2c,1,2
d21c7d9e-d675-4ff3-b927-4ccbaacfd318,68391acc-91a2-4d9d-a52e-f8178c754412,Resolved: Invoice dispute,8,2026-03-03T19:36:38Z,2026-03-03T19:36:38Z,7931db9d-7b28-4616-ab82-a35fc263b420,1,2
91391ec9-8485-4b68-95ec-351b01ac9be3,5bb584a2-b503-428c-9d7f-4b8f683007dd,Resolved: Delivery change request,9,2026-03-14T22:36:46Z,2026-03-14T22:36:46Z,4b30bd90-ff3f-4312-a47b-630f7d42a132,1,2
4606b7e3-b963-4030-a7c6-01ef320b4832,873557e8-e422-4ba4-aeea-6fef0f44c83f,Resolved: Delivery change request,18,2026-06-02T06:21:27Z,2026-06-02T06:21:27Z,4cae8e39-e278-419b-94aa-01f9ef63cd2c,1,2
0ee9edd5-5258-4270-bace-301ef068a572,ece28e5c-d0f7-408b-9a26-eecdd98c8528,Resolved: Weight discrepancy,22,2026-06-04T04:21:45Z,2026-06-04T04:21:45Z,4b30bd90-ff3f-4312-a47b-630f7d42a132,1,2
8cf598fd-f3d3-40e9-be23-2141add6ec58,6f50597c-bbec-4041-bd34-21c68a19db84,Resolved: Late delivery,30,2026-06-05T14:45:07Z,2026-06-05T14:45:07Z,4cae8e39-e278-419b-94aa-01f9ef63cd2c,1,2
38ce4b1a-6855-463e-b059-8e1befc5dec2,64d8654d-1b6c-4db3-9c4a-bc0881177e52,Resolved: Late delivery,9,2026-06-06T12:47:34Z,2026-06-06T12:47:34Z,4b30bd90-ff3f-4312-a47b-630f7d42a132,1,2
2e917572-043f-4fd1-a6ce-c6dd3de06707,b84679e3-c94d-462f-b91c-48d860d285a7,Resolved: Damaged or rusted material,32,2026-06-12T10:07:04Z,2026-06-12T10:07:04Z,4cae8e39-e278-419b-94aa-01f9ef63cd2c,1,2
9da19eb1-b9ea-43de-95fd-43a03a4d1cd9,48e77473-373f-45bc-8570-135c3d8bf0d0,Resolved: Mill certificate request,19,2026-06-17T22:59:13Z,2026-06-17T22:59:13Z,4b30bd90-ff3f-4312-a47b-630f7d42a132,1,2
d1c44749-b56d-4695-b33d-bbc5eb7debe2,0aa9021c-c32c-4afe-9004-e516692deeca,Resolved: Late delivery,15,2026-06-08T20:56:47Z,2026-06-08T20:56:47Z,0e108913-5aeb-4cd9-a56a-e9713fdfefe6,1,2
07e3d392-dda0-4a43-a1b1-b0d94d130149,d9893450-45fc-4b2d-989c-ca988255fefe,Resolved: Weight discrepancy,40,2026-06-09T15:01:36Z,2026-06-09T15:01:36Z,4b30bd90-ff3f-4312-a47b-630f7d42a132,1,2
b98148a6-0687-4fee-8c5c-8f98e94a3635,cc19e48e-946f-4dfa-bccc-46ee57d92793,Resolved: Weight discrepancy,150,2025-10-05T16:08:44Z,2025-10-05T16:08:44Z,4cae8e39-e278-419b-94aa-01f9ef63cd2c,1,2
9fefeeb1-16dd-472c-9012-bc4c3c2df38c,f5a41eea-bf0b-4908-a679-19a494f0a733,Resolved: Invoice dispute,47,2025-09-19T18:48:39Z,2025-09-19T18:48:39Z,0e108913-5aeb-4cd9-a56a-e9713fdfefe6,1,2
34302dd6-61bb-44bf-8c90-c658f980d93d,23bc01e0-e703-4e48-a725-684ebdfd9ba2,Resolved: Weight discrepancy,25,2025-06-23T15:44:43Z,2025-06-23T15:44:43Z,0e108913-5aeb-4cd9-a56a-e9713fdfefe6,1,2
1ef9dd63-99c9-4daf-8c8d-1545ef90c785,12cc82d7-adad-407d-bc85-5fdea007f809,Resolved: Mill certificate request,4,2026-04-18T04:45:00Z,2026-04-18T04:45:00Z,4cae8e39-e278-419b-94aa-01f9ef63cd2c,1,2
7e493b52-8008-49fe-807b-95f6c8a89881,fc41665c-99b4-4d7e-bc83-3650ca961227,Resolved: Weight discrepancy,23,2024-11-13T09:51:30Z,2024-11-13T09:51:30Z,4b30bd90-ff3f-4312-a47b-630f7d42a132,1,2
b12fbb0e-a22f-4f7c-9185-150ed985ce26,ce72ca56-5d5d-4b32-af35-9e5c7028e905,Resolved: Damaged or rusted material,30,2024-11-16T16:00:39Z,2024-11-16T16:00:39Z,4cae8e39-e278-419b-94aa-01f9ef63cd2c,1,2
28b59def-7364-43f3-a3bb-e9029d879bda,9bacbc17-924c-44d9-8c08-13f33f6539f8,Resolved: Invoice dispute,132,2025-11-09T15:02:00Z,2025-11-09T15:02:00Z,4b30bd90-ff3f-4312-a47b-630f7d42a132,1,2
2a782606-2687-4925-aeb5-10c2b83a271a,17a9217d-4f14-4025-a6d6-b7328f4d5e68,Resolved: Late delivery,25,2026-03-26T03:47:00Z,2026-03-26T03:47:00Z,7931db9d-7b28-4616-ab82-a35fc263b420,1,2
0e945a04-5175-4ac5-860f-e9c6abadbc4f,633f99a3-525b-4cc3-9dae-b4e68eb61d71,Resolved: Late delivery,52,2026-04-18T06:09:20Z,2026-04-18T06:09:20Z,4b30bd90-ff3f-4312-a47b-630f7d42a132,1,2
e43ebd1f-3f14-4ab4-9a6c-96678deb6d03,248eeb90-deab-465b-8389-33efb4b6bb8a,Resolved: Weight discrepancy,44,2025-09-09T06:14:15Z,2025-09-09T06:14:15Z,4b30bd90-ff3f-4312-a47b-630f7d42a132,1,2
ed1e6e8b-2647-48ef-89bb-1f14cd0a467c,28e3275e-7a78-4808-9790-8f46db9c9f13,Resolved: Weight discrepancy,298,2026-05-23T01:58:40Z,2026-05-23T01:58:40Z,4cae8e39-e278-419b-94aa-01f9ef63cd2c,1,2
77fb9777-07bc-4b98-8112-f085fa39a844,46c7abfd-b32a-4732-9e28-c79c398f093c,Resolved: Mill certificate request,12,2025-04-16T22:59:51Z,2025-04-16T22:59:51Z,4b30bd90-ff3f-4312-a47b-630f7d42a132,1,2
790edde6-453b-46a9-918a-b604ee1058f6,e9b32f8b-3f7f-49c2-9f9a-c86b5d964bbf,Resolved: Quality / spec claim,75,2025-08-23T14:56:17Z,2025-08-23T14:56:17Z,4cae8e39-e278-419b-94aa-01f9ef63cd2c,1,2
16d11f2e-82e2-44b7-9e06-5e8181557d96,9ea8aa95-356c-404d-b018-a8eb4a44e36c,Resolved: Mill certificate request,17,2026-05-28T00:37:44Z,2026-05-28T00:37:44Z,0e108913-5aeb-4cd9-a56a-e9713fdfefe6,1,2
edc97a58-95fd-4a0a-86a9-57be86ee8c45,4ded7512-05bf-4c41-9e72-2c3e339d4b06,Resolved: Damaged or rusted material,77,2024-08-04T13:56:33Z,2024-08-04T13:56:33Z,4cae8e39-e278-419b-94aa-01f9ef63cd2c,1,2
28109079-f8e6-4fbd-acc1-c6e59ca972b7,30e5a6fb-c8da-43d5-b341-597c590adb21,Resolved: Quality / spec claim,50,2024-08-20T22:21:24Z,2024-08-20T22:21:24Z,4b30bd90-ff3f-4312-a47b-630f7d42a132,1,2
c8867c37-91d3-4e69-bb23-5b89bd0575a8,2dae729d-5e25-428b-aedd-b0f25cccf238,Resolved: Quality / spec claim,47,2025-03-14T12:56:46Z,2025-03-14T12:56:46Z,4b30bd90-ff3f-4312-a47b-630f7d42a132,1,2
30b9302b-b942-4f0b-b9b8-d80f9e8e569f,a68e719e-7b59-4929-884d-db46f9bc7d8f,Resolved: Damaged or rusted material,88,2025-04-15T01:59:58Z,2025-04-15T01:59:58Z,0e108913-5aeb-4cd9-a56a-e9713fdfefe6,1,2
59353da2-cbcd-455f-bbc4-c342e63eef22,d64b9978-54cc-45a8-81bb-afe30ed6b43b,Resolved: Mill certificate request,17,2025-06-12T02:58:28Z,2025-06-12T02:58:28Z,0e108913-5aeb-4cd9-a56a-e9713fdfefe6,1,2
fac065e2-01ef-4249-bc1c-7840b595e463,c688fdb4-0fe1-450d-b0d0-f8331b70100a,Resolved: Mill certificate request,42,2026-02-26T13:28:47Z,2026-02-26T13:28:47Z,4cae8e39-e278-419b-94aa-01f9ef63cd2c,1,2
5b75fe7e-d038-42c4-8c63-dfad8bc28d7d,000d2ddf-858e-44e3-bcbf-c83c89cba9c3,Resolved: Delivery change request,22,2024-10-12T16:22:46Z,2024-10-12T16:22:46Z,7931db9d-7b28-4616-ab82-a35fc263b420,1,2
616dd44b-113c-4098-9179-bf9450afcd1e,ebb200b5-3960-47c6-a5f8-f6d7ff40b2d4,Resolved: Late delivery,43,2026-06-07T03:09:54Z,2026-06-07T03:09:54Z,0e108913-5aeb-4cd9-a56a-e9713fdfefe6,1,2
a30a46b6-9da3-40f6-9687-6474fd2fbb5a,2f401a3f-5a6e-4800-81cb-2e5c8d8f73fc,Resolved: Damaged or rusted material,21,2025-05-18T21:05:18Z,2025-05-18T21:05:18Z,4b30bd90-ff3f-4312-a47b-630f7d42a132,1,2
d31c0869-c2e1-4336-8227-c15bd698d16e,3736554a-14a6-4dc7-8a07-1cfea66b17f3,Resolved: Damaged or rusted material,89,2025-12-01T22:31:25Z,2025-12-01T22:31:25Z,4cae8e39-e278-419b-94aa-01f9ef63cd2c,1,2
a4e55a72-90a5-4943-af38-eec322a6713e,e946a748-f00d-4796-9b19-bc1eaeace102,Resolved: Late delivery,42,2025-11-21T19:09:31Z,2025-11-21T19:09:31Z,0e108913-5aeb-4cd9-a56a-e9713fdfefe6,1,2
479dcfe2-4d77-41b5-853f-5b6539bc3ba8,6d1ca538-3150-4d50-b512-f3b91aac999f,Resolved: Invoice dispute,81,2026-02-08T05:24:29Z,2026-02-08T05:24:29Z,7931db9d-7b28-4616-ab82-a35fc263b420,1,2
b7d06d9d-5d4e-44f1-b5e8-bca77499bb5c,759b7d1a-45be-4638-bed9-6bb0ec7a87e7,Resolved: Late delivery,33,2025-05-26T13:35:52Z,2025-05-26T13:35:52Z,7931db9d-7b28-4616-ab82-a35fc263b420,1,2
c60860dd-ff82-46f6-83c3-fd4863e7bfec,4934b614-47ee-405a-a168-d9d175962cdd,Resolved: Invoice dispute,13,2025-04-27T03:17:25Z,2025-04-27T03:17:25Z,4b30bd90-ff3f-4312-a47b-630f7d42a132,1,2
ab7b7ba5-b07b-422e-b125-9372f54b8173,95ac9696-558b-41a8-947d-d7c31cd395a3,Resolved: Delivery change request,4,2025-04-10T08:53:34Z,2025-04-10T08:53:34Z,4b30bd90-ff3f-4312-a47b-630f7d42a132,1,2
7bdd5e9b-705e-4e77-9d3e-593fd5e7d831,ea6590cd-8164-436a-8fdb-eb01179cbd92,Resolved: Late delivery,21,2026-01-04T10:10:15Z,2026-01-04T10:10:15Z,0e108913-5aeb-4cd9-a56a-e9713fdfefe6,1,2
2ae2e072-8fc7-4da5-8ec1-4111c0103e3f,dd8f721e-fe45-4607-8490-19b76fa1874d,Resolved: Weight discrepancy,71,2024-12-29T17:06:20Z,2024-12-29T17:06:20Z,0e108913-5aeb-4cd9-a56a-e9713fdfefe6,1,2
b494b0d0-61bb-4860-84bb-f23513c41c82,39c5f971-a4a9-4d59-a16f-d4b550c45e49,Resolved: Damaged or rusted material,84,2025-12-19T22:46:53Z,2025-12-19T22:46:53Z,4b30bd90-ff3f-4312-a47b-630f7d42a132,1,2
78c1f56e-e51d-4e70-9dfb-94cd55f79380,2edbcd14-f019-4aa9-b549-771021c3f8fe,Resolved: Invoice dispute,94,2025-06-28T09:34:52Z,2025-06-28T09:34:52Z,7931db9d-7b28-4616-ab82-a35fc263b420,1,2
c3c6e168-f623-4f91-864d-612c40cf59ce,15e24c67-c833-4213-a89c-168ebd7e6ab2,Resolved: Weight discrepancy,35,2024-07-31T09:19:21Z,2024-07-31T09:19:21Z,0e108913-5aeb-4cd9-a56a-e9713fdfefe6,1,2
60f016e7-dc0c-492f-aa54-6a570ac75fc4,d9f500d7-6eb8-4556-ae16-47eed2f7952b,Resolved: Weight discrepancy,32,2025-08-07T06:37:20Z,2025-08-07T06:37:20Z,7931db9d-7b28-4616-ab82-a35fc263b420,1,2
d601c447-4b2d-4447-aef7-aee843df5963,9dfd13c9-fed5-4d34-b7ff-072994708896,Resolved: Invoice dispute,65,2025-06-28T04:03:33Z,2025-06-28T04:03:33Z,4cae8e39-e278-419b-94aa-01f9ef63cd2c,1,2
fbf997c2-01e3-4c14-8fd2-449ee9386015,92f65f34-a099-4d5a-9107-44a8e1b622df,Resolved: Weight discrepancy,32,2024-07-29T23:33:24Z,2024-07-29T23:33:24Z,0e108913-5aeb-4cd9-a56a-e9713fdfefe6,1,2
3e7e7cd9-12ce-493f-a7f6-1910ccbe3fd6,59638cdc-7303-4def-8305-c509c3147f4a,Resolved: Damaged or rusted material,101,2024-11-10T05:01:26Z,2024-11-10T05:01:26Z,4b30bd90-ff3f-4312-a47b-630f7d42a132,1,2
aae50c39-097a-48d0-8f4d-ba687c613fc7,980f299a-f1c8-469c-af68-b138a6593908,Resolved: Weight discrepancy,53,2025-03-04T07:48:31Z,2025-03-04T07:48:31Z,4cae8e39-e278-419b-94aa-01f9ef63cd2c,1,2
667388ef-4356-4244-8bfb-41e9394e569e,258683ba-273b-4a14-9785-d9c348c012fc,Resolved: Weight discrepancy,51,2024-12-07T01:35:16Z,2024-12-07T01:35:16Z,7931db9d-7b28-4616-ab82-a35fc263b420,1,2
9f4646c4-bea3-475b-99fd-12cf174a8ad3,1f80159e-e6d2-4d80-803b-69e5eef58abd,Resolved: Late delivery,41,2025-05-17T19:29:17Z,2025-05-17T19:29:17Z,4b30bd90-ff3f-4312-a47b-630f7d42a132,1,2
be75e06c-6c8b-416c-b82e-023ee658c310,55b747ba-8e5c-4ebd-8a48-ecdaec3d61ef,Resolved: Weight discrepancy,26,2025-12-05T12:21:25Z,2025-12-05T12:21:25Z,4cae8e39-e278-419b-94aa-01f9ef63cd2c,1,2
85967e25-18ed-427f-a621-a3b1f0369ebc,3fc62cfa-a622-493b-9094-54a90602214f,Resolved: Late delivery,36,2025-12-01T04:01:57Z,2025-12-01T04:01:57Z,4b30bd90-ff3f-4312-a47b-630f7d42a132,1,2
e558bce6-1efa-46b8-b481-d57bf051b147,9fcbd6a6-9804-41a8-8d08-c5dfbdf853d4,Resolved: Weight discrepancy,39,2026-01-08T18:52:20Z,2026-01-08T18:52:20Z,0e108913-5aeb-4cd9-a56a-e9713fdfefe6,1,2
6a4103ff-48b7-4a1f-b024-f29055012c60,991e5615-f2cf-4b5a-823a-0f46017586f3,Resolved: Late delivery,31,2025-12-18T21:31:41Z,2025-12-18T21:31:41Z,4b30bd90-ff3f-4312-a47b-630f7d42a132,1,2
cd666bed-ce3e-494a-97d6-3708ce51e6c0,0a82c430-c186-42aa-9936-7e93896bba94,Resolved: Weight discrepancy,28,2024-11-27T07:10:53Z,2024-11-27T07:10:53Z,4cae8e39-e278-419b-94aa-01f9ef63cd2c,1,2
eac7e72b-a977-4820-a85a-877cd0d49f8c,c8566033-4850-463a-8669-d6ba5771bd17,Resolved: Late delivery,25,2025-03-21T03:09:52Z,2025-03-21T03:09:52Z,0e108913-5aeb-4cd9-a56a-e9713fdfefe6,1,2
e3a091ce-9e5a-4ee8-9497-b10896b48878,250bb181-7e7c-46ec-ba0d-ff7a4e17ccdc,Resolved: Mill certificate request,9,2026-01-06T12:51:55Z,2026-01-06T12:51:55Z,4b30bd90-ff3f-4312-a47b-630f7d42a132,1,2
0619a1a2-39f5-4e53-84bd-f337ff63a092,360a5c57-6993-4672-b215-2db5dc406250,Resolved: Weight discrepancy,36,2025-04-14T04:02:14Z,2025-04-14T04:02:14Z,7931db9d-7b28-4616-ab82-a35fc263b420,1,2
e4c98b89-0043-4408-95d8-e696a55dbf97,0b45ffeb-d806-49d1-a2e8-7940a9cec8ce,Resolved: Quality / spec claim,55,2025-08-23T12:08:42Z,2025-08-23T12:08:42Z,4b30bd90-ff3f-4312-a47b-630f7d42a132,1,2
77f63d20-d734-45ef-98e7-ea2b2681addf,1e8b6d52-b2c5-4950-81e9-dcd506827557,Resolved: Weight discrepancy,113,2026-02-27T13:48:39Z,2026-02-27T13:48:39Z,4cae8e39-e278-419b-94aa-01f9ef63cd2c,1,2
12ff681a-a3b8-4a7f-bc1c-495723318dd4,9fec47e9-bd8f-44bd-b3f8-d4437802f889,Resolved: Late delivery,56,2026-02-19T13:52:12Z,2026-02-19T13:52:12Z,4cae8e39-e278-419b-94aa-01f9ef63cd2c,1,2
1c33e6d0-960f-41ee-871b-35e692786851,7cf29aed-cf45-4094-a287-3e80370f1cf7,Resolved: Late delivery,71,2024-09-12T04:12:50Z,2024-09-12T04:12:50Z,4b30bd90-ff3f-4312-a47b-630f7d42a132,1,2
6ec6c892-4668-4559-8d56-917459ca6378,511a1b1e-12c6-49d3-90f8-d8558c4bddb1,Resolved: Mill certificate request,8,2024-12-24T18:25:58Z,2024-12-24T18:25:58Z,4cae8e39-e278-419b-94aa-01f9ef63cd2c,1,2
41832241-10d9-47fd-80b6-3495c04b0027,9d0734c6-bdf2-4e17-a5b8-a92e623796e5,Resolved: Late delivery,35,2025-07-02T08:37:06Z,2025-07-02T08:37:06Z,4cae8e39-e278-419b-94aa-01f9ef63cd2c,1,2
514dbbc1-e121-47a6-9655-1540f4cdee6a,d0aa2149-8d3f-4a8d-bde3-f9fdc58a648a,Resolved: Mill certificate request,8,2025-07-03T16:51:44Z,2025-07-03T16:51:44Z,0e108913-5aeb-4cd9-a56a-e9713fdfefe6,1,2
e56c50a6-e3c8-4436-bf07-3608e40ddef1,22ff2d69-6e9c-4907-a32f-f6ff7434d979,Resolved: Invoice dispute,60,2026-02-08T19:24:15Z,2026-02-08T19:24:15Z,0e108913-5aeb-4cd9-a56a-e9713fdfefe6,1,2
29b774e4-7788-4248-bf1e-5dbcbf6a9b27,cbd7093d-162d-4cf5-baf3-b8d3de49f91e,Resolved: Quality / spec claim,43,2025-01-20T22:55:01Z,2025-01-20T22:55:01Z,4b30bd90-ff3f-4312-a47b-630f7d42a132,1,2
e1e5cb9b-1d69-4bad-b756-a98560a0ea6a,966d7ba3-fcfd-4acc-adad-4befca7fa726,Resolved: Late delivery,51,2025-05-07T20:27:41Z,2025-05-07T20:27:41Z,4cae8e39-e278-419b-94aa-01f9ef63cd2c,1,2
d435a9b2-410a-4bea-b73f-aa1d64757307,afc40ece-3e29-49d4-be6a-6a631d3fbe64,Resolved: Delivery change request,8,2024-10-23T23:12:18Z,2024-10-23T23:12:18Z,7931db9d-7b28-4616-ab82-a35fc263b420,1,2
a854af78-66a8-47c2-8359-90da233c6972,50388609-7317-49b3-bd29-f00269507cb5,Resolved: Invoice dispute,64,2025-05-24T05:03:01Z,2025-05-24T05:03:01Z,4b30bd90-ff3f-4312-a47b-630f7d42a132,1,2
480b3a41-b34e-4ac8-b35a-b5dd75479e9a,435bbd41-9869-4203-a3dd-32e64b19f87b,Resolved: Delivery change request,23,2024-10-22T23:41:47Z,2024-10-22T23:41:47Z,4b30bd90-ff3f-4312-a47b-630f7d42a132,1,2
024116f3-917e-4d0b-943e-bbe42b014fb7,7749fb24-9a40-43aa-9d69-67dbda6248c6,Resolved: Weight discrepancy,22,2025-04-24T00:43:56Z,2025-04-24T00:43:56Z,0e108913-5aeb-4cd9-a56a-e9713fdfefe6,1,2
086af9c3-e770-4acf-a451-a0a5ece3f5e9,159e5ed7-e973-47bf-85f6-9a046e38187b,Resolved: Damaged or rusted material,23,2025-10-31T10:12:05Z,2025-10-31T10:12:05Z,4cae8e39-e278-419b-94aa-01f9ef63cd2c,1,2
1056746c-d663-41c0-a5d2-be2f31b19df8,7b04fa82-97aa-4cee-b64e-65d6517ea425,Resolved: Late delivery,37,2026-02-10T00:38:43Z,2026-02-10T00:38:43Z,4cae8e39-e278-419b-94aa-01f9ef63cd2c,1,2
c7a8b57f-9de7-4563-ae2d-55814e3b3d85,22e24376-0561-4cb7-bc61-ee34c9846b24,Resolved: Weight discrepancy,36,2025-11-28T23:06:14Z,2025-11-28T23:06:14Z,7931db9d-7b28-4616-ab82-a35fc263b420,1,2
07e35e77-d2a0-4cff-9dab-fc36a76e6c73,6a90cee1-49bf-4dd8-b6a9-071eeeb08a69,Resolved: Mill certificate request,6,2024-10-13T16:00:48Z,2024-10-13T16:00:48Z,0e108913-5aeb-4cd9-a56a-e9713fdfefe6,1,2
13f3e824-b175-432e-b2ca-3b9bb3a7fd65,62bbca25-558f-4bf4-a04e-7614ace420f5,Resolved: Late delivery,52,2024-09-15T11:09:28Z,2024-09-15T11:09:28Z,4cae8e39-e278-419b-94aa-01f9ef63cd2c,1,2
268eab66-86bc-4e7f-80e8-e2e8cebd0565,d95408b4-fa73-4f23-b72f-a3edac170c9a,Resolved: Invoice dispute,23,2024-09-09T14:52:50Z,2024-09-09T14:52:50Z,4b30bd90-ff3f-4312-a47b-630f7d42a132,1,2
8366814e-71bb-49a2-9d63-376dd9b8ff4c,6a4b894c-f026-44d6-a7c3-3c673e9cfe6e,Resolved: Mill certificate request,20,2024-09-28T00:55:39Z,2024-09-28T00:55:39Z,0e108913-5aeb-4cd9-a56a-e9713fdfefe6,1,2
b6209b8d-4781-4410-999c-710f37a3ed0f,f023e0eb-5e96-43e5-a0b8-7554d202313a,Resolved: Late delivery,48,2024-09-01T05:48:35Z,2024-09-01T05:48:35Z,0e108913-5aeb-4cd9-a56a-e9713fdfefe6,1,2
44139681-7b4b-46d2-b43b-94335a6f0aca,fb112b26-bc16-4bfb-b5b8-73d91aedb294,Resolved: Delivery change request,21,2026-02-09T00:43:11Z,2026-02-09T00:43:11Z,7931db9d-7b28-4616-ab82-a35fc263b420,1,2
0b87a598-d1ab-438c-9863-8445b6f13b79,95312929-3faf-42f2-9923-0949e7ad9bdd,Resolved: Mill certificate request,7,2024-08-31T11:22:08Z,2024-08-31T11:22:08Z,7931db9d-7b28-4616-ab82-a35fc263b420,1,2
ee71327e-2d4d-4aba-85b2-79d06bcd5ca2,d8c4a4f6-12a6-4712-9958-35f815392391,Resolved: Late delivery,27,2025-08-02T14:40:30Z,2025-08-02T14:40:30Z,4cae8e39-e278-419b-94aa-01f9ef63cd2c,1,2
af2dcc9e-126a-4050-9b11-d213a8463178,6072238e-1f49-458d-87c6-81dbc34a1418,Resolved: Late delivery,45,2024-09-04T07:51:13Z,2024-09-04T07:51:13Z,4cae8e39-e278-419b-94aa-01f9ef63cd2c,1,2
2f325c19-e7e9-4db2-9ca4-db49263d562a,7f5f72bb-6e86-4bde-b0b6-cccb6a46dc1d,Resolved: Weight discrepancy,123,2024-11-01T03:10:50Z,2024-11-01T03:10:50Z,4cae8e39-e278-419b-94aa-01f9ef63cd2c,1,2
0dbc9e99-8e63-4298-aac1-4788cbebb8cf,8ddbf3e8-4e16-4231-abeb-63deb36770f6,Resolved: Late delivery,46,2025-05-18T23:15:41Z,2025-05-18T23:15:41Z,4cae8e39-e278-419b-94aa-01f9ef63cd2c,1,2
d8a80098-bbd3-4732-8eb4-4a2831a861c3,36499220-6c99-469b-8765-005e93336002,Resolved: Mill certificate request,9,2025-10-26T05:51:00Z,2025-10-26T05:51:00Z,4b30bd90-ff3f-4312-a47b-630f7d42a132,1,2
fd88fbda-b8bd-4375-a665-f29fa28c9b8b,156b9b17-9d52-4b62-98c6-56197a81acee,Resolved: Weight discrepancy,90,2026-05-04T13:22:18Z,2026-05-04T13:22:18Z,0e108913-5aeb-4cd9-a56a-e9713fdfefe6,1,2
8155bf2a-fbe9-4acd-9822-4d126dc442a1,94d0e977-344c-4ccf-abde-0479ce08b644,Resolved: Delivery change request,16,2026-04-19T18:30:56Z,2026-04-19T18:30:56Z,0e108913-5aeb-4cd9-a56a-e9713fdfefe6,1,2
54c3b1fb-cf09-47b7-9ca1-b30c91f21de3,c675f30e-647a-40fc-810e-1c5f8effb4ec,Resolved: Delivery change request,7,2024-09-26T08:16:31Z,2024-09-26T08:16:31Z,7931db9d-7b28-4616-ab82-a35fc263b420,1,2
dfe6a77b-4471-466a-a815-afc933f74a25,aea99379-32eb-421d-9c29-ce259f24b656,Resolved: Late delivery,65,2024-08-14T06:38:10Z,2024-08-14T06:38:10Z,0e108913-5aeb-4cd9-a56a-e9713fdfefe6,1,2
7fa1e1d3-e413-48e3-97d9-ad6346151331,e0b63e99-faf5-4038-b8d4-6bbf240e96d3,Resolved: Late delivery,70,2025-09-03T16:44:24Z,2025-09-03T16:44:24Z,4cae8e39-e278-419b-94aa-01f9ef63cd2c,1,2
b26f4c92-9b13-4c0c-a5e5-36800defc9c0,3b2396c3-eeef-40b6-9adb-d746a220b2b8,Resolved: Weight discrepancy,19,2024-07-29T04:52:38Z,2024-07-29T04:52:38Z,0e108913-5aeb-4cd9-a56a-e9713fdfefe6,1,2
9add3358-3362-4726-ba74-1b284beca870,dbaef54b-0584-4e8d-84d8-4b34847d05f2,Resolved: Late delivery,35,2025-01-11T13:02:10Z,2025-01-11T13:02:10Z,0e108913-5aeb-4cd9-a56a-e9713fdfefe6,1,2
a98eb4f0-6c4a-47df-b270-a1e940fa4226,5d444d1e-32dd-42c1-99f5-160044a77e63,Resolved: Weight discrepancy,95,2024-11-27T05:19:45Z,2024-11-27T05:19:45Z,7931db9d-7b28-4616-ab82-a35fc263b420,1,2
ef3a8b1f-8f8a-4c03-b3de-a7019e01aa66,f2279e2b-b081-4b1f-ad9d-50ee894048ad,Resolved: Quality / spec claim,53,2024-10-14T11:48:53Z,2024-10-14T11:48:53Z,7931db9d-7b28-4616-ab82-a35fc263b420,1,2
7bac5d0b-d877-452a-a418-1ce9f3491c55,afd3dcea-3876-4066-8890-326b611ca198,Resolved: Damaged or rusted material,40,2025-11-15T07:32:34Z,2025-11-15T07:32:34Z,4cae8e39-e278-419b-94aa-01f9ef63cd2c,1,2
2db149f7-7489-418a-a66e-a49b81adc057,b6003c7e-3387-4f6d-a273-7dff81ade268,Resolved: Weight discrepancy,127,2025-11-25T17:00:21Z,2025-11-25T17:00:21Z,4b30bd90-ff3f-4312-a47b-630f7d42a132,1,2
526a8dbc-7e2c-4718-91e8-789865c46b40,d5caf163-589c-4f6c-838b-9f765038f189,Resolved: Late delivery,30,2025-08-13T08:45:59Z,2025-08-13T08:45:59Z,4cae8e39-e278-419b-94aa-01f9ef63cd2c,1,2
c2a18528-2a57-44f1-940c-aa0a1f4537e3,1d3e1428-c033-4b7c-bc44-1f448e936160,Resolved: Weight discrepancy,20,2024-08-08T20:05:28Z,2024-08-08T20:05:28Z,0e108913-5aeb-4cd9-a56a-e9713fdfefe6,1,2
9c151264-641f-4e33-bddb-71524af0100c,90e8d9ee-ab62-47e4-bf87-b5be3b3be313,Resolved: Late delivery,29,2024-11-02T13:33:38Z,2024-11-02T13:33:38Z,0e108913-5aeb-4cd9-a56a-e9713fdfefe6,1,2
64de96d2-9627-4c96-9df4-01caa70fef8c,cb417c9c-ee9c-4b0a-baf3-17f1f20d3d2a,Resolved: Invoice dispute,104,2024-11-12T15:12:06Z,2024-11-12T15:12:06Z,4cae8e39-e278-419b-94aa-01f9ef63cd2c,1,2
ca350ec3-fcd5-4485-90ab-9807991e44c1,a0ed9ef0-b6e9-4d6b-a279-29be635b545b,Resolved: Late delivery,30,2025-07-15T10:48:45Z,2025-07-15T10:48:45Z,4cae8e39-e278-419b-94aa-01f9ef63cd2c,1,2
4c0fda12-2293-4b23-a156-c2e509270f54,079fd05f-b590-488a-99bd-4e74d1e70bd8,Resolved: Mill certificate request,8,2026-01-04T20:17:55Z,2026-01-04T20:17:55Z,0e108913-5aeb-4cd9-a56a-e9713fdfefe6,1,2
9a1dcd4c-77f4-4034-bad2-044ef62dedb5,5f3e699d-852b-4f9b-b8d6-65142735b632,Resolved: Late delivery,23,2026-03-23T01:52:53Z,2026-03-23T01:52:53Z,0e108913-5aeb-4cd9-a56a-e9713fdfefe6,1,2
4f781bff-b83a-4991-a794-428c1693919b,dd9172ed-0693-46c0-b3d8-5a41f60b6964,Resolved: Late delivery,23,2025-03-11T00:18:28Z,2025-03-11T00:18:28Z,4cae8e39-e278-419b-94aa-01f9ef63cd2c,1,2
3ed34f0e-fe7d-4568-918a-546d541397b9,2ab28b2f-6a2a-4e8d-b3fe-585c3ce9be2b,Resolved: Late delivery,72,2026-02-21T11:36:27Z,2026-02-21T11:36:27Z,0e108913-5aeb-4cd9-a56a-e9713fdfefe6,1,2
bd28c82f-03c3-4082-817d-4ab39f1ea1a7,fb602de4-b657-4fec-a443-a3558c4f5126,Resolved: Late delivery,244,2024-10-29T10:01:24Z,2024-10-29T10:01:24Z,7931db9d-7b28-4616-ab82-a35fc263b420,1,2
1a55b74b-0b91-450e-a3ed-73ae41c93ee9,42152570-8367-4fb0-93c9-7504bd726fa0,Resolved: Delivery change request,12,2024-10-26T10:16:40Z,2024-10-26T10:16:40Z,4b30bd90-ff3f-4312-a47b-630f7d42a132,1,2
c9c15688-69b4-497b-b414-d31a39d5c4de,661988b1-8045-43ea-9db2-94e186153e2f,Resolved: Late delivery,46,2024-12-02T05:27:02Z,2024-12-02T05:27:02Z,4cae8e39-e278-419b-94aa-01f9ef63cd2c,1,2
4316eec9-6a39-4f9e-84bf-9ad3851053ca,83ea9108-6870-45af-8a2b-e09b3cb7378f,Resolved: Quality / spec claim,55,2025-08-15T16:32:27Z,2025-08-15T16:32:27Z,4cae8e39-e278-419b-94aa-01f9ef63cd2c,1,2
bba8e250-1440-47e7-92f6-ad9e59e440dc,c079b896-11fb-4219-87eb-a5d0bc28a6da,Resolved: Quality / spec claim,28,2024-08-13T10:49:47Z,2024-08-13T10:49:47Z,4b30bd90-ff3f-4312-a47b-630f7d42a132,1,2
148e18ba-8cb2-4002-92b5-6da6976ca5e1,03f98d51-98d4-439f-9a44-8e9057906e44,Resolved: Weight discrepancy,63,2026-04-08T04:21:44Z,2026-04-08T04:21:44Z,4cae8e39-e278-419b-94aa-01f9ef63cd2c,1,2
b10b07e2-5d3b-4fa4-8f69-c33fe085b9e2,4e478003-4262-4a73-9054-3b7f5506b7eb,Resolved: Late delivery,41,2026-04-05T11:14:43Z,2026-04-05T11:14:43Z,0e108913-5aeb-4cd9-a56a-e9713fdfefe6,1,2
8193540f-d09f-43b3-8e08-ba7d0a9d44b5,997dd45b-5185-4ab2-b0ab-68f3b1ba8c1a,Resolved: Invoice dispute,73,2026-03-19T21:35:15Z,2026-03-19T21:35:15Z,4b30bd90-ff3f-4312-a47b-630f7d42a132,1,2
ad7df90d-6d12-4174-92e9-53940d2ad83f,e109a915-227b-4a92-a861-8472d687b04a,Resolved: Late delivery,14,2024-07-16T23:30:29Z,2024-07-16T23:30:29Z,7931db9d-7b28-4616-ab82-a35fc263b420,1,2
318047eb-1fb0-47d0-a75c-f4722d48cbad,85410232-de9d-4335-8773-39df7a573c28,Resolved: Invoice dispute,122,2025-06-05T13:53:22Z,2025-06-05T13:53:22Z,4cae8e39-e278-419b-94aa-01f9ef63cd2c,1,2
b08e2c80-3d59-4d69-a72e-fa03a2c978f7,6ea9a724-ef80-4e28-9023-f43d3d93a9be,Resolved: Quality / spec claim,62,2025-12-05T16:39:36Z,2025-12-05T16:39:36Z,4cae8e39-e278-419b-94aa-01f9ef63cd2c,1,2
78df8128-7473-433c-8df7-fc5db90f9768,b60759ae-5986-4c63-b986-11a4254abfc8,Resolved: Weight discrepancy,44,2025-08-08T06:38:12Z,2025-08-08T06:38:12Z,0e108913-5aeb-4cd9-a56a-e9713fdfefe6,1,2
5e84bbea-7ea9-4931-9b91-4b7346723c46,7ce78b9e-1843-4d43-b70c-5822b7e31595,Resolved: Late delivery,40,2026-05-24T22:43:02Z,2026-05-24T22:43:02Z,4b30bd90-ff3f-4312-a47b-630f7d42a132,1,2
8b415d20-d0cb-45fc-bce5-b431711f9561,bdf04cf2-ad08-417f-bf68-96bb082261c0,Resolved: Invoice dispute,29,2025-03-20T16:33:27Z,2025-03-20T16:33:27Z,0e108913-5aeb-4cd9-a56a-e9713fdfefe6,1,2
57194c41-21b0-4861-9236-683e089268c7,1506271f-16e5-4665-ba71-6f284b240bc5,Resolved: Mill certificate request,15,2025-03-09T08:53:47Z,2025-03-09T08:53:47Z,0e108913-5aeb-4cd9-a56a-e9713fdfefe6,1,2
a2df5b76-1015-4769-a7fd-a086b93ba9d9,6b786117-9d56-4561-a7a7-365e39eb766d,Resolved: Weight discrepancy,37,2026-03-30T19:52:51Z,2026-03-30T19:52:51Z,4cae8e39-e278-419b-94aa-01f9ef63cd2c,1,2
e06f06b3-b1f4-4741-acd3-2b3d7733e839,e79a4af6-db4f-45c4-9d03-1c339e4b3ad3,Resolved: Invoice dispute,31,2026-04-05T21:12:04Z,2026-04-05T21:12:04Z,4cae8e39-e278-419b-94aa-01f9ef63cd2c,1,2
e310b58c-ebaa-409e-b82d-32ff0f55efe5,e27a4e34-7a87-477b-a545-e2ae06cbc5e9,Resolved: Weight discrepancy,47,2026-06-24T16:59:30Z,2026-06-24T16:59:30Z,0e108913-5aeb-4cd9-a56a-e9713fdfefe6,1,2
6cfcca65-ee42-492e-9366-e6db6a9bd7d8,8267b27c-f89a-4b03-985f-f49eec69a64d,Resolved: Late delivery,84,2026-06-23T00:42:27Z,2026-06-23T00:42:27Z,4b30bd90-ff3f-4312-a47b-630f7d42a132,1,2
57012a38-dc0f-476b-8a04-a38bc8b361f3,152cddea-5e2b-41f5-ac57-47998f41bd08,Resolved: Weight discrepancy,31,2025-09-04T02:49:21Z,2025-09-04T02:49:21Z,0e108913-5aeb-4cd9-a56a-e9713fdfefe6,1,2
6371bd9e-fd18-49eb-ac23-dd881f8689ec,88139249-12ef-4922-a35f-9a17a99847f8,Resolved: Mill certificate request,17,2025-06-08T16:51:37Z,2025-06-08T16:51:37Z,4cae8e39-e278-419b-94aa-01f9ef63cd2c,1,2
9c102413-f7cc-4b9f-b34b-0800030fa9c6,afcb4fa5-e18f-4148-8c03-e3715f12cfe9,Resolved: Invoice dispute,29,2025-06-23T13:25:22Z,2025-06-23T13:25:22Z,7931db9d-7b28-4616-ab82-a35fc263b420,1,2
d90e3390-0d8f-47c6-9d64-199f03d5c8e4,179a5957-bf26-4bed-afca-705f8d2fb160,Resolved: Mill certificate request,19,2025-07-29T02:26:22Z,2025-07-29T02:26:22Z,4b30bd90-ff3f-4312-a47b-630f7d42a132,1,2
dff5bfac-3455-4506-bdca-fbe9e857f3d8,1a9a2d0b-7319-4bc0-a205-920a5e6d6722,Resolved: Quality / spec claim,93,2025-05-05T04:30:02Z,2025-05-05T04:30:02Z,0e108913-5aeb-4cd9-a56a-e9713fdfefe6,1,2
bfde0a44-b07b-4d98-bb8a-96dcfe2ee9d5,2cf23544-516e-44bc-8dbd-7e22eb04c108,Resolved: Damaged or rusted material,75,2025-08-28T16:48:57Z,2025-08-28T16:48:57Z,4b30bd90-ff3f-4312-a47b-630f7d42a132,1,2
1ddf13ec-91bd-4e2e-8008-b7b8a10faa15,12b7d1b1-355d-4647-96b0-178eec22d857,Resolved: Mill certificate request,11,2025-08-29T08:27:42Z,2025-08-29T08:27:42Z,4cae8e39-e278-419b-94aa-01f9ef63cd2c,1,2
883e2ddc-e3ab-4267-96a5-4eb3311f5cc5,f36f71a1-0178-4e4f-a61a-aa91034154f3,Resolved: Weight discrepancy,122,2024-07-31T03:42:29Z,2024-07-31T03:42:29Z,0e108913-5aeb-4cd9-a56a-e9713fdfefe6,1,2
6eb436f9-8a9e-4b7e-9fc8-7acaa19362d8,3f23683a-76a8-4c63-99d5-94dabc8ec8f6,Resolved: Late delivery,88,2024-09-22T14:49:04Z,2024-09-22T14:49:04Z,0e108913-5aeb-4cd9-a56a-e9713fdfefe6,1,2
6ffb34c9-f04d-463d-9663-1b3ff8295943,4d14fe55-8f63-4ec8-affc-b7ca698cb6f4,Resolved: Mill certificate request,17,2024-09-22T11:01:14Z,2024-09-22T11:01:14Z,0e108913-5aeb-4cd9-a56a-e9713fdfefe6,1,2
007d093f-c7a2-44c9-ba6d-b2b7432d60cd,66cca22f-93fc-4187-836e-7b41c36d364a,Resolved: Weight discrepancy,27,2025-06-23T00:16:05Z,2025-06-23T00:16:05Z,4b30bd90-ff3f-4312-a47b-630f7d42a132,1,2
4844abbe-25d0-4824-ba87-3dcb973f64cb,eab71fb1-56b6-4d0b-8144-d042bd429392,Resolved: Damaged or rusted material,27,2025-08-19T08:44:24Z,2025-08-19T08:44:24Z,4cae8e39-e278-419b-94aa-01f9ef63cd2c,1,2
3f1ab8d2-962e-4b6b-a788-7b592739e4f7,4e0badac-b1fc-4947-9c94-2c5c39ffb17e,Resolved: Mill certificate request,5,2025-08-15T02:23:49Z,2025-08-15T02:23:49Z,4b30bd90-ff3f-4312-a47b-630f7d42a132,1,2
4413b030-5772-4df3-a4da-f16e8ee60583,6b6fa4ac-e97c-47b2-a8ba-2fdc2efbe65b,Resolved: Quality / spec claim,61,2025-08-07T13:57:38Z,2025-08-07T13:57:38Z,4b30bd90-ff3f-4312-a47b-630f7d42a132,1,2
934aae95-117a-48a0-9307-76838d57ca04,e832eee0-0534-4b12-bdf1-bbba087f3080,Resolved: Weight discrepancy,22,2025-06-30T01:46:44Z,2025-06-30T01:46:44Z,4b30bd90-ff3f-4312-a47b-630f7d42a132,1,2
177f03a1-5c89-40a9-8dc9-a5f5782cf274,29be1d9f-2de4-4ee3-b5a3-b633824139bb,Resolved: Weight discrepancy,69,2026-02-14T11:03:10Z,2026-02-14T11:03:10Z,4cae8e39-e278-419b-94aa-01f9ef63cd2c,1,2
6db22244-e712-4dc0-974e-9577e63b0d34,e5f004e4-4919-4ede-a77e-4d54f596f2cb,Resolved: Weight discrepancy,58,2026-01-14T18:33:59Z,2026-01-14T18:33:59Z,4cae8e39-e278-419b-94aa-01f9ef63cd2c,1,2
4a92dade-2480-41c9-ac13-8323fadfa930,bd5af08d-b111-4f44-966e-e616dfb7a141,Resolved: Invoice dispute,72,2024-09-08T12:57:00Z,2024-09-08T12:57:00Z,4b30bd90-ff3f-4312-a47b-630f7d42a132,1,2
166c96b1-24b7-4002-813b-7b8932a7d41e,daf08676-11b3-4e93-bdfc-2139b869a3c3,Resolved: Late delivery,21,2025-05-10T19:11:32Z,2025-05-10T19:11:32Z,4cae8e39-e278-419b-94aa-01f9ef63cd2c,1,2
47a4f5f9-6f1b-4639-b46b-4b690cbb787a,5fbbd895-7ba8-467d-b415-f6490c3cbaa1,Resolved: Late delivery,35,2024-10-11T07:17:52Z,2024-10-11T07:17:52Z,4cae8e39-e278-419b-94aa-01f9ef63cd2c,1,2
a1006f12-75cd-4f8a-89b9-95b88f526631,1826011e-5b31-4930-b738-895e7d305771,Resolved: Late delivery,71,2024-11-04T04:53:21Z,2024-11-04T04:53:21Z,4cae8e39-e278-419b-94aa-01f9ef63cd2c,1,2
d3763450-12f4-4bec-83ba-c9c0dd1e6ee9,884067e3-2e25-491c-ae1d-e29c19c683bc,Resolved: Damaged or rusted material,21,2025-09-22T21:47:18Z,2025-09-22T21:47:18Z,4b30bd90-ff3f-4312-a47b-630f7d42a132,1,2
5cf1b4b5-5a2f-41e4-b64b-286282a848c7,24d62e91-16e6-4af9-bb91-1e3326fe3829,Resolved: Late delivery,27,2025-05-24T05:48:25Z,2025-05-24T05:48:25Z,7931db9d-7b28-4616-ab82-a35fc263b420,1,2
01ab3633-4876-43b2-b6ed-efcd7f3bd486,587e0521-22a0-49a3-9030-f69696fefbfe,Resolved: Delivery change request,32,2025-05-17T14:19:20Z,2025-05-17T14:19:20Z,4b30bd90-ff3f-4312-a47b-630f7d42a132,1,2
fbff289c-99db-4413-94b2-c2517e89b08d,10048f3e-fd78-4701-a2f3-2680fbe48eff,Resolved: Weight discrepancy,54,2026-06-09T18:03:15Z,2026-06-09T18:03:15Z,0e108913-5aeb-4cd9-a56a-e9713fdfefe6,1,2
a9f2826b-293d-4d23-9145-d4237216389b,c81157c6-74aa-4943-9ccc-4c9400c66963,Resolved: Late delivery,43,2026-06-07T17:57:40Z,2026-06-07T17:57:40Z,4b30bd90-ff3f-4312-a47b-630f7d42a132,1,2
4e0cf611-11ab-45ca-9607-949f7b9ea7d4,ab0c595d-f76a-425c-871f-bdcc2b454607,Resolved: Mill certificate request,10,2026-03-18T19:53:11Z,2026-03-18T19:53:11Z,4b30bd90-ff3f-4312-a47b-630f7d42a132,1,2
6b4d7602-f76d-4139-9e95-436b78a2b946,0b7ed55c-f2ee-4fd8-8725-34eff04688bf,Resolved: Invoice dispute,83,2025-01-27T10:48:32Z,2025-01-27T10:48:32Z,7931db9d-7b28-4616-ab82-a35fc263b420,1,2
64559cc5-34c4-42b5-9860-9e5742a21ff0,ca84f0f6-5c71-4fc3-aefd-cec3db1d374f,Resolved: Invoice dispute,56,2024-11-19T23:52:51Z,2024-11-19T23:52:51Z,7931db9d-7b28-4616-ab82-a35fc263b420,1,2
e4d89f9f-0cd5-435a-a787-ff90d167cb70,60290b38-fb89-462a-ac7c-2b2163ef922b,Resolved: Mill certificate request,15,2024-07-22T04:22:35Z,2024-07-22T04:22:35Z,7931db9d-7b28-4616-ab82-a35fc263b420,1,2
616d0a4a-fb22-4add-9e74-10197e2f42a0,b82b0f7f-f989-474f-a873-8857a5b8e5ac,Resolved: Late delivery,165,2024-11-25T19:10:07Z,2024-11-25T19:10:07Z,4cae8e39-e278-419b-94aa-01f9ef63cd2c,1,2
94d21ef2-7c2c-4cb1-847d-168ab71c3dde,142f7e93-5744-453e-952f-010769dea9d1,Resolved: Quality / spec claim,104,2024-12-04T05:31:17Z,2024-12-04T05:31:17Z,4b30bd90-ff3f-4312-a47b-630f7d42a132,1,2
90e4316f-8c1a-4a29-8706-1ac718a72d7c,13531b4c-2661-4b73-a5fe-376cbc58d602,Resolved: Damaged or rusted material,63,2025-09-13T17:48:00Z,2025-09-13T17:48:00Z,0e108913-5aeb-4cd9-a56a-e9713fdfefe6,1,2
a5df7986-331a-480b-b3f5-7320b8399f2d,c4ca8590-de76-40be-902c-26d4fac105eb,Resolved: Mill certificate request,26,2025-04-12T17:18:23Z,2025-04-12T17:18:23Z,7931db9d-7b28-4616-ab82-a35fc263b420,1,2
075aa165-346a-413e-b764-2334b8c6154d,d0c04007-e262-40c1-9bd4-a26e3e57cffc,Resolved: Damaged or rusted material,29,2025-10-23T21:57:43Z,2025-10-23T21:57:43Z,4cae8e39-e278-419b-94aa-01f9ef63cd2c,1,2
54bd07eb-ab43-4409-8bb5-0e1923c7744d,506fe085-7a8f-4638-957c-43f12f940183,Resolved: Mill certificate request,21,2026-04-07T13:58:10Z,2026-04-07T13:58:10Z,0e108913-5aeb-4cd9-a56a-e9713fdfefe6,1,2
077c19fd-4407-4859-befb-111a932a3d1c,b33cf8c1-d20a-44e7-a282-8a9bf7a0fa48,Resolved: Mill certificate request,34,2025-02-13T00:49:29Z,2025-02-13T00:49:29Z,4b30bd90-ff3f-4312-a47b-630f7d42a132,1,2
42ce3154-3395-428e-9c7d-47c6b8824089,215199d0-3f94-4f7e-b08f-b5696faebb41,Resolved: Invoice dispute,74,2025-12-25T07:08:28Z,2025-12-25T07:08:28Z,7931db9d-7b28-4616-ab82-a35fc263b420,1,2
390cb6e2-6c7b-4212-8b41-2f829a90edf5,8d1c8e0b-ef1e-42e0-82b1-c455682738e4,Resolved: Mill certificate request,11,2024-09-01T09:53:35Z,2024-09-01T09:53:35Z,7931db9d-7b28-4616-ab82-a35fc263b420,1,2
f4fd9a11-ade0-4571-9731-320ef0056011,4624bcdf-28e4-4836-84f4-5f87620959f3,Resolved: Delivery change request,31,2025-08-14T11:35:38Z,2025-08-14T11:35:38Z,4b30bd90-ff3f-4312-a47b-630f7d42a132,1,2
9fba75be-cb49-4bca-8c65-41fa14cc8a0e,89ac10cb-75d9-4771-8ddb-3fc8bc0ce7e7,Resolved: Delivery change request,13,2025-12-29T01:34:53Z,2025-12-29T01:34:53Z,4b30bd90-ff3f-4312-a47b-630f7d42a132,1,2
b539067b-fe51-460f-a462-56c648c3ecd0,4ae5a653-71e3-4bac-b37e-9b079217a879,Resolved: Weight discrepancy,59,2025-09-30T12:09:23Z,2025-09-30T12:09:23Z,0e108913-5aeb-4cd9-a56a-e9713fdfefe6,1,2
e1ceeaca-8411-4d29-bfe6-06d40975f834,cb20973b-7e9e-4373-97f4-734174a54026,Resolved: Weight discrepancy,106,2025-08-27T02:01:22Z,2025-08-27T02:01:22Z,0e108913-5aeb-4cd9-a56a-e9713fdfefe6,1,2
54856d0f-4c08-472f-af2c-5f6255406701,0ee16380-c833-4358-a42b-23f6b7050dc6,Resolved: Quality / spec claim,22,2025-10-04T00:24:26Z,2025-10-04T00:24:26Z,4b30bd90-ff3f-4312-a47b-630f7d42a132,1,2
1ebb6d6b-f64f-404f-8232-017038aaa11d,60bf3e1c-081c-48bc-bec2-b9b4b0203e77,Resolved: Mill certificate request,14,2025-08-27T20:38:59Z,2025-08-27T20:38:59Z,0e108913-5aeb-4cd9-a56a-e9713fdfefe6,1,2
17c1a01b-a4ca-4097-aed8-3580b4ee6465,730bd7eb-df7a-426f-8cdb-b1c43870b339,Resolved: Late delivery,67,2025-04-15T10:44:37Z,2025-04-15T10:44:37Z,4cae8e39-e278-419b-94aa-01f9ef63cd2c,1,2
a238d807-2266-4693-bb0d-ab1a8964caac,a11f5ddb-51e4-45ad-bd99-253490fc0166,Resolved: Quality / spec claim,67,2025-02-03T03:13:08Z,2025-02-03T03:13:08Z,4cae8e39-e278-419b-94aa-01f9ef63cd2c,1,2
35e5aa4b-7ea2-4cfb-a368-0ab47dba1910,f86738c4-8e30-4c3e-bb05-3cf86e58609c,Resolved: Weight discrepancy,142,2026-03-06T18:05:27Z,2026-03-06T18:05:27Z,4cae8e39-e278-419b-94aa-01f9ef63cd2c,1,2
227359f1-324f-473d-9ecf-a414f05dc3b0,f06a30ed-c727-4e9f-9449-a659abe5a824,Resolved: Late delivery,58,2026-06-20T23:22:05Z,2026-06-20T23:22:05Z,4b30bd90-ff3f-4312-a47b-630f7d42a132,1,2
9f5b4d7b-9dec-4705-8253-a455e188dff9,c72d4918-3fea-489e-b038-7378304879b5,Resolved: Weight discrepancy,33,2025-05-30T02:45:51Z,2025-05-30T02:45:51Z,4cae8e39-e278-419b-94aa-01f9ef63cd2c,1,2
b7df00b1-ba00-4c37-9f19-cd46d290c7cb,5f183308-fd3f-498a-81f0-eb4893e86f1e,Resolved: Invoice dispute,28,2026-06-22T04:54:04Z,2026-06-22T04:54:04Z,0e108913-5aeb-4cd9-a56a-e9713fdfefe6,1,2
fcae8284-fda1-43df-bd30-4075b504e81f,b887b1b0-8328-4679-b31f-af59fd7c37c5,Resolved: Damaged or rusted material,28,2025-06-04T13:01:00Z,2025-06-04T13:01:00Z,0e108913-5aeb-4cd9-a56a-e9713fdfefe6,1,2
b3af4b50-0581-4de6-a0fa-cefbdd85a74f,5ea08af6-c447-49eb-a348-dae3c2d9222f,Resolved: Weight discrepancy,50,2024-10-13T17:36:57Z,2024-10-13T17:36:57Z,4b30bd90-ff3f-4312-a47b-630f7d42a132,1,2
55009658-52f5-4fcd-8a56-5fb38fccab86,f33f5233-1244-44d4-a0ac-4b5845c7fea3,Resolved: Damaged or rusted material,34,2024-12-15T15:24:57Z,2024-12-15T15:24:57Z,7931db9d-7b28-4616-ab82-a35fc263b420,1,2
7fc77152-f3ca-4582-99a9-9d7d2bf979a3,92b4adf1-8353-462f-94ea-1337caeecf10,Resolved: Weight discrepancy,28,2025-05-20T06:44:38Z,2025-05-20T06:44:38Z,4b30bd90-ff3f-4312-a47b-630f7d42a132,1,2
62e0e8a0-dddf-403c-9b4e-d5b3f597a452,534a43b2-97d0-41f3-9ab5-d93343970136,Resolved: Delivery change request,16,2025-05-15T16:41:03Z,2025-05-15T16:41:03Z,0e108913-5aeb-4cd9-a56a-e9713fdfefe6,1,2
8dd96a94-9a47-44aa-96b1-5bd749fd1bb7,f47ed908-689b-4817-80d9-12b5dee3cbef,Resolved: Quality / spec claim,65,2025-05-02T19:49:17Z,2025-05-02T19:49:17Z,0e108913-5aeb-4cd9-a56a-e9713fdfefe6,1,2
f52f7eaa-2818-402d-9e79-795944bc4ce5,91c49c37-afa5-4cbd-8f34-7efb6f667044,Resolved: Late delivery,46,2024-08-18T13:47:50Z,2024-08-18T13:47:50Z,4b30bd90-ff3f-4312-a47b-630f7d42a132,1,2
318dc512-f2a6-4101-90e8-d5aca5e87fbf,9e3c2753-c549-47fa-838e-2e065f17166c,Resolved: Weight discrepancy,39,2025-07-03T08:09:21Z,2025-07-03T08:09:21Z,4cae8e39-e278-419b-94aa-01f9ef63cd2c,1,2
b4002067-840d-4520-b8f6-4722762540fa,ebf1d26a-954f-4695-a885-034809710cf3,Resolved: Late delivery,27,2024-07-17T05:22:09Z,2024-07-17T05:22:09Z,7931db9d-7b28-4616-ab82-a35fc263b420,1,2
6ad7d6b5-3a2c-4c7c-b876-4aca82980b16,50da7eaf-06fd-4dc3-beba-9ea95ffccd11,Resolved: Damaged or rusted material,34,2025-09-20T04:38:51Z,2025-09-20T04:38:51Z,4cae8e39-e278-419b-94aa-01f9ef63cd2c,1,2
3e900a56-7506-479f-97d9-1ededf497fc2,b571fb92-7d02-4a04-9ecb-b6e910561f95,Resolved: Mill certificate request,18,2025-09-12T03:27:24Z,2025-09-12T03:27:24Z,0e108913-5aeb-4cd9-a56a-e9713fdfefe6,1,2
9bcc2d67-506f-4b63-bb5a-1007a41c0d62,0d290ead-c0f6-44b5-b45c-0ac3d8d349e8,Resolved: Quality / spec claim,28,2025-04-23T17:29:59Z,2025-04-23T17:29:59Z,4cae8e39-e278-419b-94aa-01f9ef63cd2c,1,2
a5250025-4bfd-4cbc-9c6d-1e727e6a882c,ecc8c60f-dfeb-4644-ba7e-1048b5ee344a,Resolved: Damaged or rusted material,45,2025-04-23T06:05:16Z,2025-04-23T06:05:16Z,4cae8e39-e278-419b-94aa-01f9ef63cd2c,1,2
99e69333-7042-47db-bbba-c69c389a7058,d0ed6a4f-f102-4193-8571-35d0a832a7f1,Resolved: Late delivery,35,2026-03-27T08:13:56Z,2026-03-27T08:13:56Z,4cae8e39-e278-419b-94aa-01f9ef63cd2c,1,2
e2fa1b2d-846e-4d4f-99c3-0a1e1db5a25c,62a42822-4583-440b-b1ec-60960f9b7a77,Resolved: Late delivery,18,2024-09-15T15:36:11Z,2024-09-15T15:36:11Z,4cae8e39-e278-419b-94aa-01f9ef63cd2c,1,2
4b1b43a2-6282-4250-8a73-4038cb652256,78359b69-39de-42db-b3a6-84620594f790,Resolved: Quality / spec claim,67,2025-12-12T14:48:27Z,2025-12-12T14:48:27Z,4cae8e39-e278-419b-94aa-01f9ef63cd2c,1,2
ff142a82-a171-4dea-b164-c2077e4e7e77,593b47c5-1d6a-47d9-9a58-02d5451bd3a1,Resolved: Quality / spec claim,36,2024-11-28T05:01:14Z,2024-11-28T05:01:14Z,0e108913-5aeb-4cd9-a56a-e9713fdfefe6,1,2
a74e944a-4f89-410e-b72c-7ad2426e23b7,cb6a52c8-7e82-44f6-ad4d-c6dadbcd60b9,Resolved: Weight discrepancy,72,2025-09-17T02:17:02Z,2025-09-17T02:17:02Z,4b30bd90-ff3f-4312-a47b-630f7d42a132,1,2
55b29441-c742-4dab-ae02-388b5cf66448,cf7a2640-70b5-41ba-bd06-29f4a0466ae1,Resolved: Weight discrepancy,21,2024-09-29T22:46:27Z,2024-09-29T22:46:27Z,4cae8e39-e278-419b-94aa-01f9ef63cd2c,1,2
3c808576-be27-457c-8d35-08893db5de41,87d8c8ac-486c-4fb0-bcf7-266ef49dc912,Resolved: Late delivery,45,2025-01-11T17:36:52Z,2025-01-11T17:36:52Z,4b30bd90-ff3f-4312-a47b-630f7d42a132,1,2
0e6ee567-20d9-4eeb-aa23-9c51b40301be,8855b536-a4eb-4d59-9f61-87d5a95069c9,Resolved: Mill certificate request,19,2026-02-05T15:26:11Z,2026-02-05T15:26:11Z,0e108913-5aeb-4cd9-a56a-e9713fdfefe6,1,2
c0ac07d3-eca6-4bab-9390-3f385b9a3d66,12db4e93-f314-44ac-808b-fc515735a8dd,Resolved: Weight discrepancy,31,2026-04-21T18:19:41Z,2026-04-21T18:19:41Z,0e108913-5aeb-4cd9-a56a-e9713fdfefe6,1,2
594b138e-c36b-43b9-a214-513bbfa152ca,45545488-52fd-4ad5-8538-007c4d27d76f,Resolved: Weight discrepancy,53,2024-08-21T13:58:33Z,2024-08-21T13:58:33Z,4b30bd90-ff3f-4312-a47b-630f7d42a132,1,2
854ce20f-7b57-47a0-a9df-8b15c5ce5e94,7ca4bc7b-d64f-4ddc-895b-52a0397b173a,Resolved: Weight discrepancy,25,2024-08-10T12:40:33Z,2024-08-10T12:40:33Z,7931db9d-7b28-4616-ab82-a35fc263b420,1,2
b73bfd5d-797d-4a9f-a9c5-e55d16f4bfc0,335cd067-ab69-47db-a62c-83ca5e527334,Resolved: Weight discrepancy,40,2024-08-25T13:07:17Z,2024-08-25T13:07:17Z,4b30bd90-ff3f-4312-a47b-630f7d42a132,1,2
47818065-535f-4bcd-93f2-56d990600429,a47951db-9f38-4329-bc3f-2c3188958874,Resolved: Damaged or rusted material,25,2024-08-27T04:36:13Z,2024-08-27T04:36:13Z,0e108913-5aeb-4cd9-a56a-e9713fdfefe6,1,2
50a9dd94-25b0-48db-8516-bafea0e4eb87,c5652a88-5056-4003-821c-0db278ef81d1,Resolved: Weight discrepancy,128,2024-12-22T20:29:01Z,2024-12-22T20:29:01Z,4b30bd90-ff3f-4312-a47b-630f7d42a132,1,2
ae338bac-42a6-479b-85a0-f799a492d215,9e44905a-6940-41a4-938b-ef2ab344ea1f,Resolved: Invoice dispute,61,2026-02-07T03:08:07Z,2026-02-07T03:08:07Z,0e108913-5aeb-4cd9-a56a-e9713fdfefe6,1,2
0a268281-07c0-4909-bc9d-1382dd119ad3,f30c521f-0ef8-42d7-96f9-a5854f2e202b,Resolved: Weight discrepancy,27,2025-01-15T11:52:23Z,2025-01-15T11:52:23Z,4cae8e39-e278-419b-94aa-01f9ef63cd2c,1,2
a3758c6f-0862-4e44-892f-35ceb611595c,6dedbc20-af8e-41a7-a8b4-9acf55024348,Resolved: Late delivery,130,2026-05-10T23:05:26Z,2026-05-10T23:05:26Z,0e108913-5aeb-4cd9-a56a-e9713fdfefe6,1,2
c251d9b4-e254-4040-9d12-7c137cf29fe5,789ce4f4-c343-403a-8d83-94f4cdac8138,Resolved: Damaged or rusted material,45,2026-05-13T12:15:54Z,2026-05-13T12:15:54Z,4b30bd90-ff3f-4312-a47b-630f7d42a132,1,2
03f68b4d-d9ef-4a06-b798-969dc1449598,c35e78da-1e79-4d59-9300-e5b3908959c8,Resolved: Quality / spec claim,66,2024-08-29T13:36:02Z,2024-08-29T13:36:02Z,4cae8e39-e278-419b-94aa-01f9ef63cd2c,1,2
4af45aac-19d6-4a45-b724-108df508460a,667576e1-3b38-4351-ae03-e60a007c4cee,Resolved: Damaged or rusted material,56,2025-05-28T13:29:34Z,2025-05-28T13:29:34Z,4b30bd90-ff3f-4312-a47b-630f7d42a132,1,2
4815991c-42ea-4f69-a27f-7fce4b1ef250,c389181e-5b0e-4955-a16f-9698be5ee566,Resolved: Mill certificate request,15,2025-11-08T18:50:17Z,2025-11-08T18:50:17Z,4b30bd90-ff3f-4312-a47b-630f7d42a132,1,2
bf6e54bb-57a2-4bce-b044-120a6faf5a99,4c962530-5bb8-4531-b77a-71e45bdeb98e,Resolved: Late delivery,95,2026-04-04T08:33:33Z,2026-04-04T08:33:33Z,7931db9d-7b28-4616-ab82-a35fc263b420,1,2
33fedcf8-f1f6-4a42-9727-06848a7c46e6,0b798b29-f0c5-45e0-ae64-891664457208,Resolved: Damaged or rusted material,63,2026-01-08T20:58:31Z,2026-01-08T20:58:31Z,0e108913-5aeb-4cd9-a56a-e9713fdfefe6,1,2
ac282438-594c-41d7-ac12-6455ee5f946d,78fa063c-57a6-4b59-8891-6504cbbe7d6a,Resolved: Quality / spec claim,140,2025-10-02T21:45:06Z,2025-10-02T21:45:06Z,4b30bd90-ff3f-4312-a47b-630f7d42a132,1,2
21749845-64e6-4f30-b32b-472f9aaf68ba,233b6ba3-52ee-445b-9b78-01083830fb17,Resolved: Delivery change request,14,2025-09-20T16:54:56Z,2025-09-20T16:54:56Z,4cae8e39-e278-419b-94aa-01f9ef63cd2c,1,2
019322fd-7c18-4cdf-bb69-fa7f4540793e,ec50c116-3501-46ce-8d8c-a447b5b00572,Resolved: Invoice dispute,147,2025-11-02T23:14:07Z,2025-11-02T23:14:07Z,4cae8e39-e278-419b-94aa-01f9ef63cd2c,1,2
c2f2bb6b-7c01-4c6d-9753-4e2c04e40b70,b561c858-a9e9-4c56-a143-f95b78857cf5,Resolved: Mill certificate request,15,2025-10-23T03:52:49Z,2025-10-23T03:52:49Z,0e108913-5aeb-4cd9-a56a-e9713fdfefe6,1,2
8a27fcf9-e26c-483c-8a2e-23ab44ad5fd0,90c6f7d4-4413-4d22-83fa-9830276c8c3a,Resolved: Weight discrepancy,49,2024-08-21T09:56:46Z,2024-08-21T09:56:46Z,4b30bd90-ff3f-4312-a47b-630f7d42a132,1,2
777752bf-fc2c-40d5-8df7-10185f2a8ae7,f6a8e5f6-a22a-47d9-9628-9b2608c4f0bb,Resolved: Weight discrepancy,30,2025-10-08T07:10:19Z,2025-10-08T07:10:19Z,4b30bd90-ff3f-4312-a47b-630f7d42a132,1,2
c0bd9b49-cd41-482d-8697-3fcba9de4950,64e22b56-0e1a-447d-92fc-7139239551fa,Resolved: Quality / spec claim,81,2025-09-14T02:06:27Z,2025-09-14T02:06:27Z,0e108913-5aeb-4cd9-a56a-e9713fdfefe6,1,2
4eb8343e-1cf1-4385-8cfe-5491dd90d6bd,11ea911b-86ab-4dbc-b4fc-8327cc13e0a6,Resolved: Weight discrepancy,57,2025-06-02T03:44:42Z,2025-06-02T03:44:42Z,7931db9d-7b28-4616-ab82-a35fc263b420,1,2
ce74c0d5-9a1b-4af9-b1af-4d954ba2eb78,e32aa567-6f60-4191-982a-757aef42a4bb,Resolved: Invoice dispute,9,2025-12-14T22:11:54Z,2025-12-14T22:11:54Z,0e108913-5aeb-4cd9-a56a-e9713fdfefe6,1,2
bb2b28b1-c8ab-4664-9f12-71c5dcbcdbcc,bade4c2f-1134-49ef-97e8-bdba57d9d50b,Resolved: Weight discrepancy,31,2026-02-11T06:13:15Z,2026-02-11T06:13:15Z,7931db9d-7b28-4616-ab82-a35fc263b420,1,2
b26156b3-f39c-4f71-8d40-88b103ffb1b3,2b1375d7-7675-4b79-819d-1649028a1654,Resolved: Damaged or rusted material,32,2026-02-14T22:26:43Z,2026-02-14T22:26:43Z,0e108913-5aeb-4cd9-a56a-e9713fdfefe6,1,2
27401e13-6d0c-4530-9a21-335652e97ecb,771a4708-00eb-4215-8cf5-7db83115a44f,Resolved: Damaged or rusted material,115,2025-02-28T22:27:47Z,2025-02-28T22:27:47Z,0e108913-5aeb-4cd9-a56a-e9713fdfefe6,1,2
0c8152d5-9bd0-4598-a530-2b8e9cd07f67,e4343fc7-3a43-4fb6-b218-62798155b3dc,Resolved: Weight discrepancy,16,2025-10-17T22:50:33Z,2025-10-17T22:50:33Z,0e108913-5aeb-4cd9-a56a-e9713fdfefe6,1,2
22d8a91f-ab3c-4427-9c75-704a7d122dcf,0662b1fe-b7b4-41c3-9920-6f35a7860293,Resolved: Invoice dispute,26,2025-05-17T06:51:19Z,2025-05-17T06:51:19Z,0e108913-5aeb-4cd9-a56a-e9713fdfefe6,1,2
63a5e901-f88a-41da-a898-801263ac102b,b297886e-22c9-4e1c-ac11-e68aec53984c,Resolved: Late delivery,126,2025-10-13T12:06:47Z,2025-10-13T12:06:47Z,4cae8e39-e278-419b-94aa-01f9ef63cd2c,1,2
27730612-9a83-4603-902b-6c3722309bcd,ee4c9ca0-b036-418e-9d1f-388289eac9da,Resolved: Damaged or rusted material,57,2025-10-20T01:00:05Z,2025-10-20T01:00:05Z,4b30bd90-ff3f-4312-a47b-630f7d42a132,1,2
23aef434-c2cd-4881-8de6-4cce716d9fea,6d94684a-fbb3-4a98-ae35-fdc575c2d801,Resolved: Delivery change request,53,2025-03-10T02:13:30Z,2025-03-10T02:13:30Z,4b30bd90-ff3f-4312-a47b-630f7d42a132,1,2
20925bc2-10ac-4fee-97c2-a48eb1d19a45,99a4bc61-324f-4506-918c-aba9afb02a05,Resolved: Quality / spec claim,36,2025-09-13T19:57:57Z,2025-09-13T19:57:57Z,7931db9d-7b28-4616-ab82-a35fc263b420,1,2
85c5d742-e4f5-40c4-831d-276933a84771,a357bd08-4d79-4c93-93f0-a2977129bd7c,Resolved: Invoice dispute,20,2026-04-22T09:03:36Z,2026-04-22T09:03:36Z,0e108913-5aeb-4cd9-a56a-e9713fdfefe6,1,2
676cc6cb-4372-41ff-b9be-36107f575cb3,820c60a8-9411-4d18-8fef-3be3e8c2d37c,Resolved: Invoice dispute,22,2025-05-10T00:50:31Z,2025-05-10T00:50:31Z,7931db9d-7b28-4616-ab82-a35fc263b420,1,2
448fea55-b2ff-4c3e-8cfb-e3a04a09a888,f0a84d57-be6b-4aa3-ab50-41823b4c30f4,Resolved: Weight discrepancy,29,2026-05-29T05:06:00Z,2026-05-29T05:06:00Z,0e108913-5aeb-4cd9-a56a-e9713fdfefe6,1,2
e92f7ec0-0a47-4882-a23d-90c8aabfc88f,9dd7b728-8e39-4b35-991f-0b68175cd097,Resolved: Damaged or rusted material,38,2025-07-31T13:22:55Z,2025-07-31T13:22:55Z,4b30bd90-ff3f-4312-a47b-630f7d42a132,1,2
c9e18b2b-eb91-491d-af8e-4b1d9607a9d6,eea970fc-46c4-4ccf-9b3e-c66d2b39966d,Resolved: Damaged or rusted material,51,2025-11-24T07:57:25Z,2025-11-24T07:57:25Z,0e108913-5aeb-4cd9-a56a-e9713fdfefe6,1,2
f6e5a454-48f6-4052-b087-3bb1eed76b8c,fe45a291-d5d9-42d3-8c93-470d4dacaebc,Resolved: Weight discrepancy,141,2025-07-31T00:14:02Z,2025-07-31T00:14:02Z,0e108913-5aeb-4cd9-a56a-e9713fdfefe6,1,2
a4838a1c-13b1-4ae1-ad0c-55fae4c63615,8c8f0aca-6b43-43b1-8b0c-ddefa7ebb62e,Resolved: Invoice dispute,27,2026-01-15T09:46:07Z,2026-01-15T09:46:07Z,4b30bd90-ff3f-4312-a47b-630f7d42a132,1,2
a808036f-307f-4d33-8e80-1b2417fead0a,95b2af23-6cd9-44fc-84ce-5826241dbf87,Resolved: Weight discrepancy,45,2025-07-26T22:32:28Z,2025-07-26T22:32:28Z,4b30bd90-ff3f-4312-a47b-630f7d42a132,1,2
cce8acd1-016e-4b65-82b7-085e049fee67,af0dc2ad-bee7-4b6f-9af4-84aa52a0712e,Resolved: Late delivery,39,2025-07-24T13:12:24Z,2025-07-24T13:12:24Z,4cae8e39-e278-419b-94aa-01f9ef63cd2c,1,2
1beccf1e-9a8d-4bc5-81df-7443663dc01b,922f36f9-7681-4d47-9499-b73b306e9294,Resolved: Late delivery,127,2025-08-24T15:50:05Z,2025-08-24T15:50:05Z,4cae8e39-e278-419b-94aa-01f9ef63cd2c,1,2
8ce504f5-46eb-45c2-930e-ed86820c3ec6,67d2bc2c-8147-4994-a460-ebaa1c1d4d26,Resolved: Damaged or rusted material,44,2026-03-19T23:06:37Z,2026-03-19T23:06:37Z,0e108913-5aeb-4cd9-a56a-e9713fdfefe6,1,2
eb387d6e-9f20-45fc-8440-1c764396cd1a,ca56d666-7312-4119-9c08-a5d564568878,Resolved: Mill certificate request,27,2025-11-05T21:43:09Z,2025-11-05T21:43:09Z,4cae8e39-e278-419b-94aa-01f9ef63cd2c,1,2
d74500cd-10d8-416a-875c-b0542cf3ba30,e73b6e91-5a96-40df-acc5-bdff7aa09bd9,Resolved: Invoice dispute,112,2026-05-15T22:33:30Z,2026-05-15T22:33:30Z,4b30bd90-ff3f-4312-a47b-630f7d42a132,1,2
5078e529-e420-4120-aa73-b43cc696bc56,ff4ba291-e0e2-4eb8-a530-a31fe1ec8248,Resolved: Delivery change request,30,2025-11-18T15:08:43Z,2025-11-18T15:08:43Z,0e108913-5aeb-4cd9-a56a-e9713fdfefe6,1,2
49b493d1-614d-436c-9175-887639bb0186,e810addc-e3d8-41d4-aa6d-8f1c8e704f88,Resolved: Weight discrepancy,162,2026-03-04T07:37:19Z,2026-03-04T07:37:19Z,4cae8e39-e278-419b-94aa-01f9ef63cd2c,1,2
f366c57e-e844-4218-a811-6201eedf3584,b3cbce45-9bfb-46b7-8bb4-292039f11102,Resolved: Delivery change request,17,2026-05-21T04:37:34Z,2026-05-21T04:37:34Z,0e108913-5aeb-4cd9-a56a-e9713fdfefe6,1,2
c404b390-2964-48e9-83a8-a90ec7525646,4d31473b-4784-47d6-aca0-295ce75dbacc,Resolved: Weight discrepancy,55,2026-01-12T04:57:33Z,2026-01-12T04:57:33Z,0e108913-5aeb-4cd9-a56a-e9713fdfefe6,1,2
060c02c1-239b-4cec-a284-f21032cf2a1c,3fb9e617-01a9-419c-b886-c9887dc89e57,Resolved: Invoice dispute,60,2026-06-08T07:26:31Z,2026-06-08T07:26:31Z,4cae8e39-e278-419b-94aa-01f9ef63cd2c,1,2
f7c8a28e-351d-4f96-8a96-4d7eda01476b,d8ead87e-4797-4ba1-b74f-f2bbe04f8244,Resolved: Damaged or rusted material,49,2026-05-09T21:25:46Z,2026-05-09T21:25:46Z,0e108913-5aeb-4cd9-a56a-e9713fdfefe6,1,2
03ca9114-26d2-4328-9dc5-5d56106a22f6,8774881a-cec9-4a7d-99dc-8fe27eba32b0,Resolved: Late delivery,33,2026-06-09T05:20:28Z,2026-06-09T05:20:28Z,7931db9d-7b28-4616-ab82-a35fc263b420,1,2
e29f888c-3612-48c7-994f-f09715f7e6ad,f79a35af-b722-48d4-b0ed-bb2c5c1b1912,Resolved: Mill certificate request,13,2026-06-09T10:01:40Z,2026-06-09T10:01:40Z,4b30bd90-ff3f-4312-a47b-630f7d42a132,1,2
ca23fea3-8faa-48d2-8288-4b9310cc37ec,336812c3-01bb-41fe-8077-24e9de143501,Resolved: Invoice dispute,62,2026-06-28T15:14:29Z,2026-06-28T15:14:29Z,0e108913-5aeb-4cd9-a56a-e9713fdfefe6,1,2
5690c44c-732a-4616-8c5f-9ac7c52678df,58cdb2b7-3c37-452e-a8d7-4bbd0dfda1d3,Resolved: Weight discrepancy,104,2025-08-16T21:01:16Z,2025-08-16T21:01:16Z,4cae8e39-e278-419b-94aa-01f9ef63cd2c,1,2
f845f91e-2f46-4c94-b6d9-bd0337ae89d6,4138ee02-4ee3-44e3-aaf6-fbf3eeff39e7,Resolved: Late delivery,43,2026-01-03T19:20:59Z,2026-01-03T19:20:59Z,4b30bd90-ff3f-4312-a47b-630f7d42a132,1,2
3f735f59-c994-44f0-adf1-eb00028796f3,c8aca65c-f482-4248-bccc-3e4265b8173f,Resolved: Damaged or rusted material,34,2026-05-10T05:37:50Z,2026-05-10T05:37:50Z,4b30bd90-ff3f-4312-a47b-630f7d42a132,1,2
c882f741-5967-4e77-a9ad-f82bed6c83f5,274123e7-5a05-490f-b5f8-1f321b10f1a8,Resolved: Weight discrepancy,53,2026-03-02T22:19:43Z,2026-03-02T22:19:43Z,4b30bd90-ff3f-4312-a47b-630f7d42a132,1,2
ebc08f54-6430-4faf-b0df-29fbe5c5902a,968c4ce1-1d4b-42e2-8690-506509a6c264,Resolved: Late delivery,100,2026-02-15T08:50:38Z,2026-02-15T08:50:38Z,0e108913-5aeb-4cd9-a56a-e9713fdfefe6,1,2
edf65165-3cb5-4ab4-b82c-1f267e2f380a,d941fb57-bb4c-46eb-ba3f-4449120a4173,Resolved: Late delivery,24,2025-06-23T22:50:25Z,2025-06-23T22:50:25Z,4b30bd90-ff3f-4312-a47b-630f7d42a132,1,2
a3a17dd1-a184-44f9-8b56-a67dcf70614e,6d151b28-1930-4353-8535-e14b77df16c6,Resolved: Quality / spec claim,40,2026-03-24T08:08:20Z,2026-03-24T08:08:20Z,4cae8e39-e278-419b-94aa-01f9ef63cd2c,1,2
b7531e3c-031d-49d4-87ce-8c32daf1bd59,1d91cf85-7617-4c7d-ae93-b24c3d865407,Resolved: Invoice dispute,224,2026-05-07T12:05:06Z,2026-05-07T12:05:06Z,4b30bd90-ff3f-4312-a47b-630f7d42a132,1,2
53226656-678f-412e-b60d-056f531fd932,f4785d5c-bde5-4dca-a3b5-cf64beec8196,Resolved: Weight discrepancy,74,2026-03-02T06:31:17Z,2026-03-02T06:31:17Z,0e108913-5aeb-4cd9-a56a-e9713fdfefe6,1,2
e86456ae-fb37-4668-88f0-84532b263aad,e30e02e8-ad33-401d-994b-1d876f080027,Resolved: Weight discrepancy,51,2025-08-28T00:04:21Z,2025-08-28T00:04:21Z,4cae8e39-e278-419b-94aa-01f9ef63cd2c,1,2
5c251ae0-dbfa-42db-b325-5e2f701d60a3,6a655443-790f-4e4a-ab31-a0bc7365606a,Resolved: Mill certificate request,4,2025-07-15T11:22:18Z,2025-07-15T11:22:18Z,7931db9d-7b28-4616-ab82-a35fc263b420,1,2
bad9c606-0b9c-49e7-998a-b57cdbcaa839,f3def8f8-7932-4613-add0-abb36abdb65b,Resolved: Weight discrepancy,79,2025-11-16T03:50:40Z,2025-11-16T03:50:40Z,4b30bd90-ff3f-4312-a47b-630f7d42a132,1,2
c29f2024-5124-4690-8437-d08394e23780,09593d8a-f71c-4ecd-82e6-91746e1e887a,Resolved: Quality / spec claim,17,2025-11-27T05:36:17Z,2025-11-27T05:36:17Z,4cae8e39-e278-419b-94aa-01f9ef63cd2c,1,2
43000da4-02fc-4f73-ad50-e7225acd748e,89956ade-25eb-403c-ad6a-0f13561f2dd4,Resolved: Invoice dispute,41,2025-11-09T00:47:59Z,2025-11-09T00:47:59Z,4b30bd90-ff3f-4312-a47b-630f7d42a132,1,2
569e3410-e00b-4993-b5f4-73033747967b,4d48508f-08dc-4dcd-be57-3be695580779,Resolved: Late delivery,35,2025-07-20T18:30:21Z,2025-07-20T18:30:21Z,4cae8e39-e278-419b-94aa-01f9ef63cd2c,1,2
b4d9d963-56ab-48b4-b25a-4954c22d2766,426379e1-ec81-46f1-bebe-bbf18b36b178,Resolved: Invoice dispute,30,2026-04-11T16:25:51Z,2026-04-11T16:25:51Z,4cae8e39-e278-419b-94aa-01f9ef63cd2c,1,2
c7db4989-c0d4-45ad-83ef-4a14d8425315,016c21eb-f4de-4c57-a72b-f390ea1a4984,Resolved: Quality / spec claim,37,2026-06-25T15:04:34Z,2026-06-25T15:04:34Z,0e108913-5aeb-4cd9-a56a-e9713fdfefe6,1,2
29c22f3c-114a-4113-81d5-9cd043900a61,fd12f2e7-9bd6-4a8b-a528-772de18050e9,Resolved: Late delivery,98,2026-02-07T21:47:29Z,2026-02-07T21:47:29Z,4b30bd90-ff3f-4312-a47b-630f7d42a132,1,2
f3dae316-897f-4b2a-aa73-f3bd9908ca23,b426e18a-225d-4732-bfd2-600835343aca,Resolved: Weight discrepancy,90,2025-07-17T22:40:40Z,2025-07-17T22:40:40Z,4b30bd90-ff3f-4312-a47b-630f7d42a132,1,2
0b11924f-436a-4715-a4a0-f2979c350fdb,c0c50fdd-44bb-45f2-b4e9-7504e2e82fbd,Resolved: Late delivery,88,2025-07-22T02:29:14Z,2025-07-22T02:29:14Z,0e108913-5aeb-4cd9-a56a-e9713fdfefe6,1,2
e04f35e8-5bef-4dbc-a810-e492022b1101,838e080d-5430-4b74-98a2-88428f559b6f,Resolved: Late delivery,69,2026-06-02T13:47:10Z,2026-06-02T13:47:10Z,4cae8e39-e278-419b-94aa-01f9ef63cd2c,1,2
b7d59201-9c73-4049-b0e0-d9023115f36a,d7128b2c-ea26-4b18-bc09-7a28e94fbb58,Resolved: Weight discrepancy,219,2025-12-10T03:57:36Z,2025-12-10T03:57:36Z,7931db9d-7b28-4616-ab82-a35fc263b420,1,2
3e7927cd-1c8b-4d2b-a452-5c440a3dd7d7,65ab21ae-423c-4a79-b2d9-9e4e9c988665,Resolved: Late delivery,31,2025-05-26T13:08:27Z,2025-05-26T13:08:27Z,7931db9d-7b28-4616-ab82-a35fc263b420,1,2
c3adfdd7-5544-4e1d-969d-29d92371bf9b,6fb7ef08-f67d-4615-93fc-4a3bda036d9d,Resolved: Mill certificate request,16,2025-09-16T19:14:00Z,2025-09-16T19:14:00Z,0e108913-5aeb-4cd9-a56a-e9713fdfefe6,1,2
b93f8a16-59f2-4fd6-84c2-2a050d22bd7f,785a8719-e004-49a4-8fbf-58502c54a5bd,Resolved: Late delivery,130,2026-03-23T06:55:05Z,2026-03-23T06:55:05Z,4cae8e39-e278-419b-94aa-01f9ef63cd2c,1,2
a5e315c4-d370-4cfc-a172-cd204244c47c,a8a66904-eefe-41ea-ab4e-c8ac52dece97,Resolved: Invoice dispute,42,2026-04-06T09:58:31Z,2026-04-06T09:58:31Z,0e108913-5aeb-4cd9-a56a-e9713fdfefe6,1,2
578b175a-aed3-4f74-98b4-d1518b341b4c,fac18593-b0f5-4aca-bacb-47a72ae10dff,Resolved: Late delivery,58,2025-09-01T17:04:00Z,2025-09-01T17:04:00Z,4cae8e39-e278-419b-94aa-01f9ef63cd2c,1,2
fdfe6e9c-66a1-4e33-8dea-e1e7e7070567,8a381c52-6198-456f-abcf-5c03cf95213e,Resolved: Invoice dispute,34,2025-10-10T04:26:51Z,2025-10-10T04:26:51Z,7931db9d-7b28-4616-ab82-a35fc263b420,1,2
44c50a40-96de-486c-98aa-4912a7059c1d,adc28583-80b7-45ae-9ccb-56c8c791190f,Resolved: Late delivery,44,2025-12-17T05:12:09Z,2025-12-17T05:12:09Z,4b30bd90-ff3f-4312-a47b-630f7d42a132,1,2
991616c1-1c81-417c-9a44-bed3c832ac7a,47100244-c165-4fdd-8212-7feb671005f0,Resolved: Damaged or rusted material,30,2025-08-21T08:42:14Z,2025-08-21T08:42:14Z,4cae8e39-e278-419b-94aa-01f9ef63cd2c,1,2
7b96a3b3-8d1f-4734-ab74-8d8964365227,cee87ba9-40ec-455a-9322-337962d964de,Resolved: Weight discrepancy,84,2025-07-12T07:18:14Z,2025-07-12T07:18:14Z,4b30bd90-ff3f-4312-a47b-630f7d42a132,1,2
76511d9a-7faf-4b05-8cbb-0f8e22cee87d,fbab92a3-b9f9-4996-a447-96ef1e64625d,Resolved: Invoice dispute,50,2025-08-28T22:56:16Z,2025-08-28T22:56:16Z,4cae8e39-e278-419b-94aa-01f9ef63cd2c,1,2
0beb6dd4-589e-43f5-a846-968bf1de15dd,02cc41db-0c0d-4a82-b11e-b49ce16e9198,Resolved: Quality / spec claim,7,2026-03-06T09:09:31Z,2026-03-06T09:09:31Z,4cae8e39-e278-419b-94aa-01f9ef63cd2c,1,2
a42f34b2-42bb-4138-ba9b-28a92f85585a,6c378911-f373-4977-a467-eb193bacf217,Resolved: Invoice dispute,48,2026-06-10T16:02:59Z,2026-06-10T16:02:59Z,4b30bd90-ff3f-4312-a47b-630f7d42a132,1,2
cac1191a-34fe-4853-9765-82dea03b7ae3,c3d68329-3fdb-4f50-b7c1-9e2fc7e7b691,Resolved: Delivery change request,18,2026-05-10T06:32:05Z,2026-05-10T06:32:05Z,4b30bd90-ff3f-4312-a47b-630f7d42a132,1,2
ba3f5bdf-5aad-4f86-b0a4-86f85c205108,95dc0b9a-d45a-4951-aaec-4c685b2b6dc3,Resolved: Weight discrepancy,50,2026-02-23T10:37:16Z,2026-02-23T10:37:16Z,7931db9d-7b28-4616-ab82-a35fc263b420,1,2
f4a4f459-cd55-46a7-a568-483398562f18,b6ef7faf-a612-416f-9d8c-525f3aa599f5,Resolved: Late delivery,26,2026-02-21T23:12:21Z,2026-02-21T23:12:21Z,4b30bd90-ff3f-4312-a47b-630f7d42a132,1,2
92dda718-3b10-4d2c-833d-6d4144de2f4d,2c3a1e97-3dd1-44d1-a3d3-689131e9b958,Resolved: Mill certificate request,36,2026-06-08T21:34:13Z,2026-06-08T21:34:13Z,4cae8e39-e278-419b-94aa-01f9ef63cd2c,1,2
2bfebd5f-61a8-48e0-a2a0-5a634eb6ea35,190b04c5-05db-4140-8852-21e994a850d5,Resolved: Late delivery,65,2026-06-27T18:30:24Z,2026-06-27T18:30:24Z,4b30bd90-ff3f-4312-a47b-630f7d42a132,1,2
f5ca677f-09df-4f3d-97f1-fee701698166,f3641365-06a6-41ff-a705-559492e40034,Resolved: Late delivery,56,2025-12-26T16:13:57Z,2025-12-26T16:13:57Z,4cae8e39-e278-419b-94aa-01f9ef63cd2c,1,2
911267df-9634-4f5d-a40c-4fa5d5d4aae3,cae58cf3-878b-44d3-a36f-af9cfe65a615,Resolved: Invoice dispute,56,2025-10-05T03:55:35Z,2025-10-05T03:55:35Z,4cae8e39-e278-419b-94aa-01f9ef63cd2c,1,2
9ee48a7d-4723-4958-8c65-8fe0a0fa30c2,f3e8e484-8e80-44ea-ae46-f6179d7e6694,Resolved: Mill certificate request,4,2025-08-27T15:48:32Z,2025-08-27T15:48:32Z,0e108913-5aeb-4cd9-a56a-e9713fdfefe6,1,2
2d65c936-687a-4fb2-9a04-35a1dec07b53,86ef6d60-cc6d-4b84-93a9-69fc1ae94262,Resolved: Late delivery,108,2025-03-19T02:55:19Z,2025-03-19T02:55:19Z,0e108913-5aeb-4cd9-a56a-e9713fdfefe6,1,2
a6a8f708-d302-4288-b5d0-1aca89d456d9,861895e5-cd62-4e88-90e0-d6c082fb3096,Resolved: Weight discrepancy,63,2025-05-19T07:29:06Z,2025-05-19T07:29:06Z,4b30bd90-ff3f-4312-a47b-630f7d42a132,1,2
e41c081a-7fc6-473b-8ae6-e66ef5348ce9,933c0f9e-69fe-4bd4-ac42-a1336c4d3d92,Resolved: Invoice dispute,41,2025-03-21T07:35:44Z,2025-03-21T07:35:44Z,7931db9d-7b28-4616-ab82-a35fc263b420,1,2
725ce42e-5ce5-481b-ae1d-dcacb3be18df,ec547730-f19e-46e8-b8f9-3d64ccbf2acc,Resolved: Invoice dispute,58,2026-01-03T19:18:14Z,2026-01-03T19:18:14Z,4b30bd90-ff3f-4312-a47b-630f7d42a132,1,2
176ec1cd-cfb3-4382-bfb7-63b77b775917,396b2115-d043-4383-9867-d375b95cd74a,Resolved: Weight discrepancy,44,2025-07-15T03:44:43Z,2025-07-15T03:44:43Z,0e108913-5aeb-4cd9-a56a-e9713fdfefe6,1,2
3f12c4a0-e81b-4f5e-a50f-26385f7fb1e8,f67b9161-b619-472a-ad8f-b447b0ad892a,Resolved: Late delivery,53,2025-09-14T20:10:54Z,2025-09-14T20:10:54Z,0e108913-5aeb-4cd9-a56a-e9713fdfefe6,1,2
e9542a12-ac6b-4368-be0c-20f95f008c1a,8094c470-a35e-4315-bf69-126748276321,Resolved: Weight discrepancy,123,2025-11-27T05:28:00Z,2025-11-27T05:28:00Z,4cae8e39-e278-419b-94aa-01f9ef63cd2c,1,2
ad2888a8-1045-4491-94de-d75fb2f353b0,f9a2e352-5321-45d4-804b-cb82b0594c82,Resolved: Delivery change request,24,2026-06-21T20:47:01Z,2026-06-21T20:47:01Z,4b30bd90-ff3f-4312-a47b-630f7d42a132,1,2
c3a779c1-8dde-4e09-9e52-d09d28a64479,612974a9-a720-4090-810c-5b4cdd042d8d,Resolved: Weight discrepancy,75,2025-07-02T00:24:56Z,2025-07-02T00:24:56Z,0e108913-5aeb-4cd9-a56a-e9713fdfefe6,1,2
1863e1ba-694c-436b-bed1-cb4ade8b8f0d,7b6a5c42-133e-4866-bca5-87fe50cd289d,Resolved: Quality / spec claim,36,2025-08-05T15:01:49Z,2025-08-05T15:01:49Z,4b30bd90-ff3f-4312-a47b-630f7d42a132,1,2
4aca641c-171f-4975-a8ff-e866484bdcfe,c7b0ab24-4a2e-4d12-8979-93c546deb28e,Resolved: Mill certificate request,14,2025-07-29T23:18:41Z,2025-07-29T23:18:41Z,4cae8e39-e278-419b-94aa-01f9ef63cd2c,1,2
1009ce17-6d7b-4b5d-b357-361113d447d4,13693253-b165-4759-8794-bb070c7923c0,Resolved: Mill certificate request,15,2025-12-15T04:45:59Z,2025-12-15T04:45:59Z,0e108913-5aeb-4cd9-a56a-e9713fdfefe6,1,2
67c478c4-1256-4150-99c5-b01f40c7033f,cbc46d67-91f7-4ddf-b01c-831da850244c,Resolved: Mill certificate request,8,2024-11-13T06:57:55Z,2024-11-13T06:57:55Z,0e108913-5aeb-4cd9-a56a-e9713fdfefe6,1,2
71febdc2-4c0f-48e5-a752-cd36c15c86d1,4d49f6d1-e6ec-434e-8543-0c1aef28cbd3,Resolved: Invoice dispute,31,2024-12-17T00:10:14Z,2024-12-17T00:10:14Z,0e108913-5aeb-4cd9-a56a-e9713fdfefe6,1,2
b7d7bd8f-604c-4139-91cb-b14d93ab6a0e,c4acad84-7e4f-4497-b226-7db4f5629c30,Resolved: Mill certificate request,38,2025-05-14T06:55:22Z,2025-05-14T06:55:22Z,7931db9d-7b28-4616-ab82-a35fc263b420,1,2
b15051b8-5690-4dac-960c-525675125bd4,09fd3331-6f14-4d28-b45e-748b88d3c500,Resolved: Mill certificate request,28,2025-05-11T15:53:41Z,2025-05-11T15:53:41Z,7931db9d-7b28-4616-ab82-a35fc263b420,1,2
bc378bce-22cf-45d2-b894-de0da69ae3d8,712068ec-aed0-4b87-a830-c28ca8bbc247,Resolved: Quality / spec claim,53,2026-05-19T00:16:49Z,2026-05-19T00:16:49Z,0e108913-5aeb-4cd9-a56a-e9713fdfefe6,1,2
9e87d4b7-c9c4-4cbd-9493-864cfd2a7d57,128b9876-29c0-4a48-acd2-ea938a205a8b,Resolved: Late delivery,47,2025-09-03T04:59:55Z,2025-09-03T04:59:55Z,0e108913-5aeb-4cd9-a56a-e9713fdfefe6,1,2
5fd8e03e-addd-473f-90f9-a00330a36445,a09a720e-82cd-45df-bb92-99351473bc24,Resolved: Weight discrepancy,28,2025-10-07T15:05:19Z,2025-10-07T15:05:19Z,0e108913-5aeb-4cd9-a56a-e9713fdfefe6,1,2
ed780746-7a46-493b-99e9-1b26fb0ff642,4e4b6b32-02e3-4116-baf4-8cb4cb18f141,Resolved: Quality / spec claim,134,2025-03-09T09:15:34Z,2025-03-09T09:15:34Z,7931db9d-7b28-4616-ab82-a35fc263b420,1,2
d1b24888-b832-414e-b610-1b641ae67333,070fc839-e955-4e11-ac27-4b26f2b1c97c,Resolved: Weight discrepancy,75,2026-06-11T08:14:19Z,2026-06-11T08:14:19Z,4b30bd90-ff3f-4312-a47b-630f7d42a132,1,2
2786c9eb-61cb-4b69-8a53-a20c909f67b6,965b17a5-cce3-4c75-806f-cf5ba7123a40,Resolved: Late delivery,45,2026-04-12T03:06:41Z,2026-04-12T03:06:41Z,0e108913-5aeb-4cd9-a56a-e9713fdfefe6,1,2
05aa46e0-3ed9-4a97-877a-892ab6ae3567,b0cfc986-2655-44bb-9833-e0cac4a3e732,Resolved: Invoice dispute,74,2026-01-13T03:29:11Z,2026-01-13T03:29:11Z,0e108913-5aeb-4cd9-a56a-e9713fdfefe6,1,2
1ed2b49e-59d7-4e5e-a263-b9475c36153b,60f024d4-b077-40d4-ae7c-afde388e7e4d,Resolved: Weight discrepancy,46,2026-03-10T11:28:18Z,2026-03-10T11:28:18Z,7931db9d-7b28-4616-ab82-a35fc263b420,1,2
402cd865-7f40-4fb1-8395-7ba6917e1a40,19b54df0-46a0-44eb-8908-9c0849493205,Resolved: Late delivery,25,2025-06-05T01:09:59Z,2025-06-05T01:09:59Z,7931db9d-7b28-4616-ab82-a35fc263b420,1,2
aa924029-1847-4734-9103-780cfa661dff,6667db62-2196-4435-8e21-0de5f0e92a5a,Resolved: Mill certificate request,14,2026-05-17T20:28:31Z,2026-05-17T20:28:31Z,7931db9d-7b28-4616-ab82-a35fc263b420,1,2
03c33bf6-a3d5-4c78-825d-4f41f71e67c8,692acf09-4305-41ea-b840-4ce74bc2130c,Resolved: Invoice dispute,77,2025-12-06T19:38:25Z,2025-12-06T19:38:25Z,4b30bd90-ff3f-4312-a47b-630f7d42a132,1,2
68d531c3-37b9-40cb-9635-c39aae7adc01,fc64b1a2-edda-43c5-b2cd-c523b1e23b37,Resolved: Weight discrepancy,98,2026-05-28T17:56:56Z,2026-05-28T17:56:56Z,0e108913-5aeb-4cd9-a56a-e9713fdfefe6,1,2
bc7fb1c3-e8b7-4e61-b90b-fbcb7ef64937,7a86a58d-ed6f-4c3a-9f9d-03660885c892,Resolved: Damaged or rusted material,39,2025-08-29T15:26:23Z,2025-08-29T15:26:23Z,0e108913-5aeb-4cd9-a56a-e9713fdfefe6,1,2
4a0ec362-4778-40ae-8edd-5f6af3e36342,9dd549cd-14ca-4e8f-ac27-b6c1186a84d5,Resolved: Weight discrepancy,62,2025-10-05T09:59:19Z,2025-10-05T09:59:19Z,4cae8e39-e278-419b-94aa-01f9ef63cd2c,1,2
7fe1878e-a23a-46d7-ae60-2f6bd48d92f2,b1005d88-60e2-4428-830a-4d18498d21e7,Resolved: Weight discrepancy,77,2026-01-25T08:57:22Z,2026-01-25T08:57:22Z,4b30bd90-ff3f-4312-a47b-630f7d42a132,1,2
6ff1126e-0412-4c00-bbab-a6e05d3a8045,67a64fd4-a741-4538-abc8-2a0a9235c3ce,Resolved: Invoice dispute,26,2026-02-03T10:45:02Z,2026-02-03T10:45:02Z,4cae8e39-e278-419b-94aa-01f9ef63cd2c,1,2
9272e510-faa0-4359-87d1-234f084d611b,71240561-999a-48fd-851a-6f0f7408559d,Resolved: Weight discrepancy,8,2026-03-28T14:12:45Z,2026-03-28T14:12:45Z,7931db9d-7b28-4616-ab82-a35fc263b420,1,2
0a6af3ee-194f-4bdf-9b50-117f33b1ea52,7d21903f-749f-4c12-9c84-ba68935e4907,Resolved: Damaged or rusted material,33,2026-03-30T20:59:58Z,2026-03-30T20:59:58Z,4cae8e39-e278-419b-94aa-01f9ef63cd2c,1,2
dfac593a-41b4-41a4-a010-ccee084ffdcc,f558c996-0a45-4d91-801f-02d1ac0c9233,Resolved: Late delivery,24,2026-05-31T08:27:52Z,2026-05-31T08:27:52Z,0e108913-5aeb-4cd9-a56a-e9713fdfefe6,1,2
3c1c885d-0e59-4079-88cd-fffaf201aec8,e4c5c0c3-5869-4858-ba8d-57507b8aaee2,Resolved: Invoice dispute,96,2024-10-09T01:08:17Z,2024-10-09T01:08:17Z,4b30bd90-ff3f-4312-a47b-630f7d42a132,1,2
b9ca2047-19f6-4f23-8c2a-323cd3223266,dd706cdb-8e5f-4337-9094-8974fc153da9,Resolved: Weight discrepancy,24,2026-05-19T11:39:47Z,2026-05-19T11:39:47Z,0e108913-5aeb-4cd9-a56a-e9713fdfefe6,1,2
65419297-2729-4915-a31c-ee8cff5baf52,f338ba77-4d97-4122-9d5b-7d45d7473eb6,Resolved: Late delivery,96,2025-09-10T16:14:09Z,2025-09-10T16:14:09Z,0e108913-5aeb-4cd9-a56a-e9713fdfefe6,1,2
f4f2d166-f42f-4b88-a5d9-20e5a82ba3e6,8a715e0c-8bdf-47e7-9920-fd8dbbabb6ec,Resolved: Weight discrepancy,55,2026-01-21T16:42:56Z,2026-01-21T16:42:56Z,4cae8e39-e278-419b-94aa-01f9ef63cd2c,1,2
fd39e860-f71f-44f7-9805-08968e7a405c,4f0b9382-beaa-4496-856e-03aebb9539d3,Resolved: Weight discrepancy,73,2026-02-27T14:22:44Z,2026-02-27T14:22:44Z,4b30bd90-ff3f-4312-a47b-630f7d42a132,1,2
a776446b-123d-48cb-af97-91d668ca4ece,575b6eaa-1782-4e9d-854a-df89522766ed,Resolved: Late delivery,37,2025-04-20T20:21:21Z,2025-04-20T20:21:21Z,7931db9d-7b28-4616-ab82-a35fc263b420,1,2
72b296bb-b424-4986-829a-5cdf01d3b9a1,2f9f287e-d490-461b-96f6-206486311301,Resolved: Delivery change request,5,2025-04-16T23:40:47Z,2025-04-16T23:40:47Z,4b30bd90-ff3f-4312-a47b-630f7d42a132,1,2
0b24ed57-58e7-4903-b7b3-1ca4df1d34ae,02beac0e-73fa-417c-876d-503bf4b9184f,Resolved: Invoice dispute,55,2025-09-03T10:10:50Z,2025-09-03T10:10:50Z,4b30bd90-ff3f-4312-a47b-630f7d42a132,1,2
49c8fffd-73e4-4c43-9ad4-3011333b5bf2,caa8492c-089a-4b25-9544-25cedc181ecd,Resolved: Delivery change request,6,2026-04-06T21:46:13Z,2026-04-06T21:46:13Z,4b30bd90-ff3f-4312-a47b-630f7d42a132,1,2
54a25ead-2fcb-46d0-bc0b-9f5e80057df7,553c93d5-73ab-44ee-b1b1-14b4ebc6eea0,Resolved: Mill certificate request,17,2026-01-13T21:48:52Z,2026-01-13T21:48:52Z,4b30bd90-ff3f-4312-a47b-630f7d42a132,1,2
9ae6d63d-7ece-48fc-b867-167ab3d387a4,1e327ebd-c662-408e-9dc0-e3f9df960f67,Resolved: Invoice dispute,34,2026-02-14T11:54:56Z,2026-02-14T11:54:56Z,7931db9d-7b28-4616-ab82-a35fc263b420,1,2
97eaa6ed-8b35-4318-b1a9-3a5411f6f616,625636ff-4a4c-4721-9954-7d941cba9037,Resolved: Late delivery,71,2025-11-30T04:34:21Z,2025-11-30T04:34:21Z,4b30bd90-ff3f-4312-a47b-630f7d42a132,1,2
7b7cce53-3174-4fe2-b398-4a49a684c012,748dc11c-72be-491e-85a8-480d91dc8a71,Resolved: Mill certificate request,18,2025-12-16T17:33:42Z,2025-12-16T17:33:42Z,4b30bd90-ff3f-4312-a47b-630f7d42a132,1,2
8479aec4-6a91-4b94-992c-9c2ad9352ac9,373fd0ac-73a8-4d91-9fcb-769a726a20bb,Resolved: Invoice dispute,17,2026-05-25T00:34:12Z,2026-05-25T00:34:12Z,4b30bd90-ff3f-4312-a47b-630f7d42a132,1,2
004da615-0680-404d-ac7c-8630aca42548,076a7a9c-e44f-49db-9231-c06e17b0b117,Resolved: Mill certificate request,31,2026-06-14T13:45:58Z,2026-06-14T13:45:58Z,0e108913-5aeb-4cd9-a56a-e9713fdfefe6,1,2
e7b99b36-be82-459f-8128-428a92c0c3eb,00b81c78-6065-40b7-bccc-9e95639ec49e,Resolved: Damaged or rusted material,53,2025-12-21T04:43:00Z,2025-12-21T04:43:00Z,7931db9d-7b28-4616-ab82-a35fc263b420,1,2
8de150ed-3550-42a6-b29f-c1759997bb5e,11e37f4f-78b1-4dae-914a-2edd45b9c74e,Resolved: Quality / spec claim,120,2026-03-03T11:07:04Z,2026-03-03T11:07:04Z,4cae8e39-e278-419b-94aa-01f9ef63cd2c,1,2
